hepatwin_id,compound_name,dili_concern,dili_score,snapshot_at
HT0001,Abacavir sulfate,vMost-DILI-concern,0.6064105008123213,2026-08-06T02:54:52.065883+00:00
HT0002,Abaloparatide,vNo-DILI-concern,0.5284458648834817,2026-08-06T02:54:52.065883+00:00
HT0005,Abemaciclib,vLess-DILI-concern,0.6840495335387639,2026-08-06T02:54:52.065883+00:00
HT0006,Abiraterone acetate,vMost-DILI-concern,0.6622245980838901,2026-08-06T02:54:52.065883+00:00
HT0007,Acalabrutinib,Ambiguous-DILI-concern,0.6963735965173748,2026-08-06T02:54:52.065883+00:00
HT0008,Acamprosate calcium,vLess-DILI-concern,0.5615971144399242,2026-08-06T02:54:52.065883+00:00
HT0009,Acarbose,vMost-DILI-concern,0.5488659762703092,2026-08-06T02:54:52.065883+00:00
HT0010,Acebutolol hydrochloride,vLess-DILI-concern,0.5906528618098761,2026-08-06T02:54:52.065883+00:00
HT0011,Aceclofenac,vLess-DILI-concern,0.6689792382413317,2026-08-06T02:54:52.065883+00:00
HT0012,Acetaminophen,vMost-DILI-concern,0.6501328087295555,2026-08-06T02:54:52.065883+00:00
HT0013,Acetazolamide,vMost-DILI-concern,0.7044022558633198,2026-08-06T02:54:52.065883+00:00
HT0014,Acetohydroxamic acid,Ambiguous-DILI-concern,0.6083000775565583,2026-08-06T02:54:52.065883+00:00
HT0015,Acetylcholine chloride,vNo-DILI-concern,0.54447298060708,2026-08-06T02:54:52.065883+00:00
HT0016,Acetylcysteine,vNo-DILI-concern,0.5506777251239023,2026-08-06T02:54:52.065883+00:00
HT0017,Acitretin,vMost-DILI-concern,0.6797396109648826,2026-08-06T02:54:52.065883+00:00
HT0018,Acyclovir,vLess-DILI-concern,0.6124582376870406,2026-08-06T02:54:52.065883+00:00
HT0020,Adefovir dipivoxil,vLess-DILI-concern,0.590430117329128,2026-08-06T02:54:52.065883+00:00
HT0021,Adenosine,vNo-DILI-concern,0.5792469494284612,2026-08-06T02:54:52.065883+00:00
HT0022,Afatinib dimaleate,Ambiguous-DILI-concern,0.6968512704902345,2026-08-06T02:54:52.065883+00:00
HT0024,Alaproclate,vMost-DILI-concern,0.6385602137401478,2026-08-06T02:54:52.065883+00:00
HT0025,Alatrofloxacin mesylate,vMost-DILI-concern,0.6795043270768031,2026-08-06T02:54:52.065883+00:00
HT0026,Albendazole,vMost-DILI-concern,0.6814941819332119,2026-08-06T02:54:52.065883+00:00
HT0027,Albuterol,vNo-DILI-concern,0.5486890911872516,2026-08-06T02:54:52.065883+00:00
HT0028,Alclofenac,vMost-DILI-concern,0.6407299310017431,2026-08-06T02:54:52.065883+00:00
HT0030,Alectinib hydrochloride,Ambiguous-DILI-concern,0.6631604513810756,2026-08-06T02:54:52.065883+00:00
HT0032,Alendronate sodium,vLess-DILI-concern,0.5315289211556622,2026-08-06T02:54:52.065883+00:00
HT0033,Alfentanil hydrochloride,vNo-DILI-concern,0.6046504941459887,2026-08-06T02:54:52.065883+00:00
HT0034,Alfuzosin hydrochloride,vLess-DILI-concern,0.6267509555649029,2026-08-06T02:54:52.065883+00:00
HT0036,Aliskiren hemifumarate,vLess-DILI-concern,0.5775590127152008,2026-08-06T02:54:52.065883+00:00
HT0037,Allopurinol,vMost-DILI-concern,0.7045966180434781,2026-08-06T02:54:52.065883+00:00
HT0038,Almotriptan malate,vNo-DILI-concern,0.6403942502978007,2026-08-06T02:54:52.065883+00:00
HT0039,Alogliptin benzoate,Ambiguous-DILI-concern,0.6273249456571158,2026-08-06T02:54:52.065883+00:00
HT0040,Alosetron hydrochloride,vLess-DILI-concern,0.6882759912902574,2026-08-06T02:54:52.065883+00:00
HT0041,Alpelisib,vLess-DILI-concern,0.686417710935597,2026-08-06T02:54:52.065883+00:00
HT0042,Alpidem,vMost-DILI-concern,0.6905632461116037,2026-08-06T02:54:52.065883+00:00
HT0043,Alprazolam,vLess-DILI-concern,0.7122070291242101,2026-08-06T02:54:52.065883+00:00
HT0045,Altretamine,Ambiguous-DILI-concern,0.6500884863264298,2026-08-06T02:54:52.065883+00:00
HT0046,Alvimopan,vNo-DILI-concern,0.5639968749111618,2026-08-06T02:54:52.065883+00:00
HT0047,Amantadine hydrochloride,Ambiguous-DILI-concern,0.5687536964905352,2026-08-06T02:54:52.065883+00:00
HT0048,Ambenonium chloride,vNo-DILI-concern,0.6265551830255935,2026-08-06T02:54:52.065883+00:00
HT0049,Ambrisentan,Ambiguous-DILI-concern,0.6598744700169109,2026-08-06T02:54:52.065883+00:00
HT0050,Amifampridine,vNo-DILI-concern,0.6766432351695105,2026-08-06T02:54:52.065883+00:00
HT0051,Amifampridine phosphate,Ambiguous-DILI-concern,0.6766432351695105,2026-08-06T02:54:52.065883+00:00
HT0052,Amifostine,vNo-DILI-concern,0.5334235536796759,2026-08-06T02:54:52.065883+00:00
HT0053,Amikacin sulfate,vNo-DILI-concern,0.5332871871900874,2026-08-06T02:54:52.065883+00:00
HT0054,Amiloride hydrochloride,vLess-DILI-concern,0.6864646404977647,2026-08-06T02:54:52.065883+00:00
HT0055,Amineptine,vMost-DILI-concern,0.5997945084528605,2026-08-06T02:54:52.065883+00:00
HT0056,Aminocaproic acid,vNo-DILI-concern,0.5384072867767156,2026-08-06T02:54:52.065883+00:00
HT0057,Aminohippurate sodium,vNo-DILI-concern,0.6260567802257867,2026-08-06T02:54:52.065883+00:00
HT0058,Aminophylline,vNo-DILI-concern,0.6634299704747786,2026-08-06T02:54:52.065883+00:00
HT0059,Aminosalicylic acid,vMost-DILI-concern,0.6581945179880343,2026-08-06T02:54:52.065883+00:00
HT0060,Amiodarone hydrochloride,vMost-DILI-concern,0.6521564611348384,2026-08-06T02:54:52.065883+00:00
HT0070,Amprenavir,Ambiguous-DILI-concern,0.6318029237988151,2026-08-06T02:54:52.065883+00:00
HT0061,Amisulpride,vLess-DILI-concern,0.6564361460208039,2026-08-06T02:54:52.065883+00:00
HT0062,Amitriptyline hydrochloride,vLess-DILI-concern,0.6673264329510465,2026-08-06T02:54:52.065883+00:00
HT0063,Amlodipine besylate,vLess-DILI-concern,0.6671792177584085,2026-08-06T02:54:52.065883+00:00
HT0064,Ammonium chloride,vNo-DILI-concern,0.5672444877346481,2026-08-06T02:54:52.065883+00:00
HT0065,Amoxapine,Ambiguous-DILI-concern,0.6721654522231593,2026-08-06T02:54:52.065883+00:00
HT0066,Amoxicillin,vLess-DILI-concern,0.6739063087338856,2026-08-06T02:54:52.065883+00:00
HT0067,Amphetamine sulfate,vLess-DILI-concern,0.6042134937752978,2026-08-06T02:54:52.065883+00:00
HT0068,Amphotericin B,vLess-DILI-concern,0.6079833344789641,2026-08-06T02:54:52.065883+00:00
HT0069,Ampicillin sodium,vLess-DILI-concern,0.6875064121308001,2026-08-06T02:54:52.065883+00:00
HT0071,Anagrelide hydrochloride,Ambiguous-DILI-concern,0.668853584009835,2026-08-06T02:54:52.065883+00:00
HT0073,Anastrozole,vLess-DILI-concern,0.6302911715170454,2026-08-06T02:54:52.065883+00:00
HT0074,Angiotensin ii acetate,vNo-DILI-concern,0.5402283321830083,2026-08-06T02:54:52.065883+00:00
HT0075,Anidulafungin,vMost-DILI-concern,0.6210642918945372,2026-08-06T02:54:52.065883+00:00
HT0077,Apalutamide,vNo-DILI-concern,0.6804725103861469,2026-08-06T02:54:52.065883+00:00
HT0078,Apixaban,vLess-DILI-concern,0.6935818765006369,2026-08-06T02:54:52.065883+00:00
HT0079,Aplaviroc,vMost-DILI-concern,0.6095508622560315,2026-08-06T02:54:52.065883+00:00
HT0080,Apomorphine hydrochloride,vNo-DILI-concern,0.6060205736873183,2026-08-06T02:54:52.065883+00:00
HT0081,Apremilast,vNo-DILI-concern,0.6719964019299998,2026-08-06T02:54:52.065883+00:00
HT0082,Aprepitant,Ambiguous-DILI-concern,0.6333213818654376,2026-08-06T02:54:52.065883+00:00
HT0083,Aprotinin,Ambiguous-DILI-concern,0.5154632338422879,2026-08-06T02:54:52.065883+00:00
HT0084,Argatroban,vNo-DILI-concern,0.6195924461180797,2026-08-06T02:54:52.065883+00:00
HT0085,Arginine hydrochloride,vNo-DILI-concern,0.5476993750751469,2026-08-06T02:54:52.065883+00:00
HT0086,Argipressin,vNo-DILI-concern,0.5348851852408899,2026-08-06T02:54:52.065883+00:00
HT0087,Aripiprazole,vLess-DILI-concern,0.656535836986894,2026-08-06T02:54:52.065883+00:00
HT0096,Atenolol,vLess-DILI-concern,0.5730290551486107,2026-08-06T02:54:52.065883+00:00
HT0088,Aripiprazole lauroxil,vLess-DILI-concern,0.650908732135847,2026-08-06T02:54:52.065883+00:00
HT0089,Armodafinil,Ambiguous-DILI-concern,0.6623608858265065,2026-08-06T02:54:52.065883+00:00
HT0090,Arsenic trioxide,Ambiguous-DILI-concern,0.5781859822230896,2026-08-06T02:54:52.065883+00:00
HT0091,Artesunate,Ambiguous-DILI-concern,0.5750906039493977,2026-08-06T02:54:52.065883+00:00
HT0092,Asciminib hydrochloride,Ambiguous-DILI-concern,0.6778999551427525,2026-08-06T02:54:52.065883+00:00
HT0094,Aspirin,vLess-DILI-concern,0.6690189375121937,2026-08-06T02:54:52.065883+00:00
HT0095,Atazanavir sulfate,vLess-DILI-concern,0.6241061096568898,2026-08-06T02:54:52.065883+00:00
HT0132,Benziodarone,vMost-DILI-concern,0.6783994408335592,2026-08-06T02:54:52.065883+00:00
HT0097,Atogepant,Ambiguous-DILI-concern,0.6801034359010801,2026-08-06T02:54:52.065883+00:00
HT0098,Atomoxetine hydrochloride,vMost-DILI-concern,0.6367479459154606,2026-08-06T02:54:52.065883+00:00
HT0099,Atorvastatin calcium,vMost-DILI-concern,0.6396860454149756,2026-08-06T02:54:52.065883+00:00
HT0100,Atovaquone,Ambiguous-DILI-concern,0.6762089774241266,2026-08-06T02:54:52.065883+00:00
HT0101,Atracurium,vNo-DILI-concern,0.5678480326908772,2026-08-06T02:54:52.065883+00:00
HT0102,Atropine,vNo-DILI-concern,0.5475276870926685,2026-08-06T02:54:52.065883+00:00
HT0103,Auranofin,vLess-DILI-concern,0.5921159490303542,2026-08-06T02:54:52.065883+00:00
HT0104,Avacopan,Ambiguous-DILI-concern,0.6676253930257054,2026-08-06T02:54:52.065883+00:00
HT0105,Avanafil,vNo-DILI-concern,0.6661442953082414,2026-08-06T02:54:52.065883+00:00
HT0106,Avapritinib,Ambiguous-DILI-concern,0.6991723006570738,2026-08-06T02:54:52.065883+00:00
HT0107,Avatrombopag maleate,vNo-DILI-concern,0.692568205363869,2026-08-06T02:54:52.065883+00:00
HT0108,Axitinib,Ambiguous-DILI-concern,0.7153089677904821,2026-08-06T02:54:52.065883+00:00
HT0109,Azacitidine,Ambiguous-DILI-concern,0.5741647488480702,2026-08-06T02:54:52.065883+00:00
HT0110,Azathioprine,vMost-DILI-concern,0.709886914035736,2026-08-06T02:54:52.065883+00:00
HT0111,Azilsartan kamedoxomil,vNo-DILI-concern,0.7115590118004728,2026-08-06T02:54:52.065883+00:00
HT0112,Azithromycin,vLess-DILI-concern,0.6354963449309768,2026-08-06T02:54:52.065883+00:00
HT0113,Aztreonam,Ambiguous-DILI-concern,0.7095294542140037,2026-08-06T02:54:52.065883+00:00
HT0171,Butabarbital sodium,Ambiguous-DILI-concern,0.6042249128399357,2026-08-06T02:54:52.065883+00:00
HT0114,Bacitracin,vNo-DILI-concern,0.5337675274141007,2026-08-06T02:54:52.065883+00:00
HT0115,Baclofen,vLess-DILI-concern,0.6088068152942038,2026-08-06T02:54:52.065883+00:00
HT0116,Baloxavir marboxil,vNo-DILI-concern,0.6676007447004632,2026-08-06T02:54:52.065883+00:00
HT0117,Balsalazide disodium,Ambiguous-DILI-concern,0.6432416591737916,2026-08-06T02:54:52.065883+00:00
HT0118,Baricitinib,Ambiguous-DILI-concern,0.7024608834026794,2026-08-06T02:54:52.065883+00:00
HT0120,Bedaquiline fumarate,Ambiguous-DILI-concern,0.6671450920823032,2026-08-06T02:54:52.065883+00:00
HT0121,Belinostat,Ambiguous-DILI-concern,0.7061585341243576,2026-08-06T02:54:52.065883+00:00
HT0122,Belumosudil mesylate,Ambiguous-DILI-concern,0.6819417307314966,2026-08-06T02:54:52.065883+00:00
HT0123,Belzutifan,Ambiguous-DILI-concern,0.6907942395485679,2026-08-06T02:54:52.065883+00:00
HT0124,Bempedoic acid,Ambiguous-DILI-concern,0.5421994490533316,2026-08-06T02:54:52.065883+00:00
HT0125,Benazepril hydrochloride,vLess-DILI-concern,0.6407309199735008,2026-08-06T02:54:52.065883+00:00
HT0126,Bendamustine hydrochloride,vNo-DILI-concern,0.6034850292875149,2026-08-06T02:54:52.065883+00:00
HT0127,Bendazac,vMost-DILI-concern,0.6562018714948262,2026-08-06T02:54:52.065883+00:00
HT0128,Bendroflumethiazide,vLess-DILI-concern,0.6911664775234531,2026-08-06T02:54:52.065883+00:00
HT0129,Benoxaprofen,vMost-DILI-concern,0.6913856487406862,2026-08-06T02:54:52.065883+00:00
HT0130,Benzarone,vMost-DILI-concern,0.6753641206135004,2026-08-06T02:54:52.065883+00:00
HT0131,Benzbromarone,vMost-DILI-concern,0.6849599045462819,2026-08-06T02:54:52.065883+00:00
HT0133,Benznidazole,Ambiguous-DILI-concern,0.666407195826025,2026-08-06T02:54:52.065883+00:00
HT0134,Benzonatate,vLess-DILI-concern,0.5651925818457992,2026-08-06T02:54:52.065883+00:00
HT0135,Benzphetamine hydrochloride,vNo-DILI-concern,0.6127941410820501,2026-08-06T02:54:52.065883+00:00
HT0136,Benztropine mesylate,vNo-DILI-concern,0.5902919330334834,2026-08-06T02:54:52.065883+00:00
HT0138,Berotralstat hydrochloride,Ambiguous-DILI-concern,0.6610370897270974,2026-08-06T02:54:52.065883+00:00
HT0139,Betaine,vNo-DILI-concern,0.5522107522278199,2026-08-06T02:54:52.065883+00:00
HT0140,Betaxolol hydrochloride,Ambiguous-DILI-concern,0.5551447960056836,2026-08-06T02:54:52.065883+00:00
HT0141,Bethanechol chloride,vNo-DILI-concern,0.5491152921117922,2026-08-06T02:54:52.065883+00:00
HT0142,Betrixaban,vNo-DILI-concern,0.7075414955735375,2026-08-06T02:54:52.065883+00:00
HT0144,Bexarotene,vMost-DILI-concern,0.6812762775208595,2026-08-06T02:54:52.065883+00:00
HT0145,Bicalutamide,vMost-DILI-concern,0.6771531143300301,2026-08-06T02:54:52.065883+00:00
HT0146,Binimetinib,Ambiguous-DILI-concern,0.6663288937270989,2026-08-06T02:54:52.065883+00:00
HT0147,Biperiden hydrochloride,vNo-DILI-concern,0.561300126814242,2026-08-06T02:54:52.065883+00:00
HT0148,Bisacodyl,vNo-DILI-concern,0.6738482226374807,2026-08-06T02:54:52.065883+00:00
HT0149,Bisoprolol fumarate,Ambiguous-DILI-concern,0.5449012589893653,2026-08-06T02:54:52.065883+00:00
HT0150,Bivalirudin,vNo-DILI-concern,0.5286272021945768,2026-08-06T02:54:52.065883+00:00
HT0151,Bleomycin sulfate,Ambiguous-DILI-concern,0.6054302288767014,2026-08-06T02:54:52.065883+00:00
HT0152,Bortezomib,vMost-DILI-concern,0.6120181453239395,2026-08-06T02:54:52.065883+00:00
HT0153,Bosentan,vMost-DILI-concern,0.7081844605842946,2026-08-06T02:54:52.065883+00:00
HT0154,Bosutinib monohydrate,vMost-DILI-concern,0.6712308575973972,2026-08-06T02:54:52.065883+00:00
HT0157,Bremelanotide acetate,Ambiguous-DILI-concern,0.5820500074461533,2026-08-06T02:54:52.065883+00:00
HT0158,Brexanolone,vNo-DILI-concern,0.5675692525290558,2026-08-06T02:54:52.065883+00:00
HT0159,Brexpiprazole,vNo-DILI-concern,0.6543286303568988,2026-08-06T02:54:52.065883+00:00
HT0160,Brigatinib,Ambiguous-DILI-concern,0.6763058189192557,2026-08-06T02:54:52.065883+00:00
HT0161,Brilliant blue g,vNo-DILI-concern,0.6885615137148813,2026-08-06T02:54:52.065883+00:00
HT0162,Brivaracetam,vNo-DILI-concern,0.5750922771217665,2026-08-06T02:54:52.065883+00:00
HT0163,Bromfenac sodium,vMost-DILI-concern,0.6756022875641019,2026-08-06T02:54:52.065883+00:00
HT0164,Bromocriptine mesylate,vLess-DILI-concern,0.646741562977418,2026-08-06T02:54:52.065883+00:00
HT0165,Brompheniramine maleate,vNo-DILI-concern,0.6542282312036057,2026-08-06T02:54:52.065883+00:00
HT0166,Budesonide,vNo-DILI-concern,0.5904352470164567,2026-08-06T02:54:52.065883+00:00
HT0167,Bumetanide,Ambiguous-DILI-concern,0.6895800029421885,2026-08-06T02:54:52.065883+00:00
HT0168,Bupropion hydrochloride,vLess-DILI-concern,0.6455414968686194,2026-08-06T02:54:52.065883+00:00
HT0169,Buspirone hydrochloride,Ambiguous-DILI-concern,0.6189226922143526,2026-08-06T02:54:52.065883+00:00
HT0170,Busulfan,vMost-DILI-concern,0.5568885499297352,2026-08-06T02:54:52.065883+00:00
HT0172,Butorphanol tartrate,vNo-DILI-concern,0.5608683189761726,2026-08-06T02:54:52.065883+00:00
HT0173,Cabazitaxel,Ambiguous-DILI-concern,0.6821134754315165,2026-08-06T02:54:52.065883+00:00
HT0174,Cabergoline,vNo-DILI-concern,0.6311029246080792,2026-08-06T02:54:52.065883+00:00
HT0175,Cabotegravir sodium,Ambiguous-DILI-concern,0.6485186195052206,2026-08-06T02:54:52.065883+00:00
HT0176,Cabozantinib s-malate,Ambiguous-DILI-concern,0.7037997301082948,2026-08-06T02:54:52.065883+00:00
HT0177,Caffeine citrate,vNo-DILI-concern,0.6577673588684698,2026-08-06T02:54:52.065883+00:00
HT0178,Calcitonin salmon,vNo-DILI-concern,0.5077706555590208,2026-08-06T02:54:52.065883+00:00
HT0179,Calcitriol,vNo-DILI-concern,0.5706885843258006,2026-08-06T02:54:52.065883+00:00
HT0180,Calcium acetate,vNo-DILI-concern,0.5852069253653248,2026-08-06T02:54:52.065883+00:00
HT0181,Canagliflozin,vLess-DILI-concern,0.6213598435470289,2026-08-06T02:54:52.065883+00:00
HT0183,Candesartan cilexetil,vLess-DILI-concern,0.6931975332024638,2026-08-06T02:54:52.065883+00:00
HT0184,Cangrelor,vNo-DILI-concern,0.5586520555891606,2026-08-06T02:54:52.065883+00:00
HT0185,Cannabidiol,Ambiguous-DILI-concern,0.6203035282179076,2026-08-06T02:54:52.065883+00:00
HT0186,Capecitabine,vLess-DILI-concern,0.6154923115483636,2026-08-06T02:54:52.065883+00:00
HT0187,Capmatinib hydrochloride,vLess-DILI-concern,0.7033339277105551,2026-08-06T02:54:52.065883+00:00
HT0207,Cefditoren pivoxil,vLess-DILI-concern,0.728158249302115,2026-08-06T02:54:52.065883+00:00
HT0188,Capreomycin sulfate,Ambiguous-DILI-concern,0.5527228920387666,2026-08-06T02:54:52.065883+00:00
HT0189,Captopril,vLess-DILI-concern,0.5510532873263133,2026-08-06T02:54:52.065883+00:00
HT0190,Carbamazepine,vMost-DILI-concern,0.6903262833616851,2026-08-06T02:54:52.065883+00:00
HT0191,Carbenicillin disodium,vLess-DILI-concern,0.687822186416955,2026-08-06T02:54:52.065883+00:00
HT0192,Carbidopa,Ambiguous-DILI-concern,0.6099677802922591,2026-08-06T02:54:52.065883+00:00
HT0193,Carbinoxamine maleate,vNo-DILI-concern,0.6377866948592986,2026-08-06T02:54:52.065883+00:00
HT0194,Carboplatin,vLess-DILI-concern,0.5801875148460646,2026-08-06T02:54:52.065883+00:00
HT0195,Carboprost tromethamine,vNo-DILI-concern,0.5475047701145488,2026-08-06T02:54:52.065883+00:00
HT0196,Carfilzomib,vMost-DILI-concern,0.562181109648136,2026-08-06T02:54:52.065883+00:00
HT0197,Carglumic acid,vNo-DILI-concern,0.5517790457668504,2026-08-06T02:54:52.065883+00:00
HT0198,Cariprazine hydrochloride,Ambiguous-DILI-concern,0.6409684445699667,2026-08-06T02:54:52.065883+00:00
HT0199,Carisoprodol,vNo-DILI-concern,0.5697959445558706,2026-08-06T02:54:52.065883+00:00
HT0200,Carvedilol,vLess-DILI-concern,0.6171153673639656,2026-08-06T02:54:52.065883+00:00
HT0202,Caspofungin acetate,Ambiguous-DILI-concern,0.5490255190820567,2026-08-06T02:54:52.065883+00:00
HT0203,Cefaclor,vLess-DILI-concern,0.7027942721807876,2026-08-06T02:54:52.065883+00:00
HT0204,Cefadroxil hemihydrate,vLess-DILI-concern,0.6913129195743425,2026-08-06T02:54:52.065883+00:00
HT0205,Cefazolin sodium,vLess-DILI-concern,0.7174503682349374,2026-08-06T02:54:52.065883+00:00
HT0206,Cefdinir,vLess-DILI-concern,0.7219180989859266,2026-08-06T02:54:52.065883+00:00
HT0208,Cefepime hydrochloride,vLess-DILI-concern,0.7108080627291918,2026-08-06T02:54:52.065883+00:00
HT0209,Cefiderocol sulfate tosylate,Ambiguous-DILI-concern,0.7120818955282767,2026-08-06T02:54:52.065883+00:00
HT0210,Cefixime,vLess-DILI-concern,0.7182333854594152,2026-08-06T02:54:52.065883+00:00
HT0211,Cefoperazone sodium,vLess-DILI-concern,0.7196536890312433,2026-08-06T02:54:52.065883+00:00
HT0212,Cefotaxime sodium,vLess-DILI-concern,0.7200332517961295,2026-08-06T02:54:52.065883+00:00
HT0213,Cefotetan disodium,Ambiguous-DILI-concern,0.7009725200418829,2026-08-06T02:54:52.065883+00:00
HT0214,Cefoxitin sodium,Ambiguous-DILI-concern,0.6730663843670621,2026-08-06T02:54:52.065883+00:00
HT0215,Cefpodoxime proxetil,Ambiguous-DILI-concern,0.7131637039175519,2026-08-06T02:54:52.065883+00:00
HT0216,Cefprozil,vLess-DILI-concern,0.693167532545222,2026-08-06T02:54:52.065883+00:00
HT0217,Ceftaroline fosamil,vLess-DILI-concern,0.7318789352710062,2026-08-06T02:54:52.065883+00:00
HT0248,Choline c-11,vNo-DILI-concern,0.5319892708385605,2026-08-06T02:54:52.065883+00:00
HT0218,Ceftazidime,vLess-DILI-concern,0.7253914128993219,2026-08-06T02:54:52.065883+00:00
HT0219,Ceftibuten dihydrate,Ambiguous-DILI-concern,0.6987060484457722,2026-08-06T02:54:52.065883+00:00
HT0220,Ceftizoxime sodium,Ambiguous-DILI-concern,0.7195766298591402,2026-08-06T02:54:52.065883+00:00
HT0221,Ceftriaxone sodium,vLess-DILI-concern,0.7329202336906931,2026-08-06T02:54:52.065883+00:00
HT0222,Cefuroxime sodium,vLess-DILI-concern,0.7118455762633247,2026-08-06T02:54:52.065883+00:00
HT0223,Celecoxib,vLess-DILI-concern,0.7162915075249553,2026-08-06T02:54:52.065883+00:00
HT0224,Cenobamate,Ambiguous-DILI-concern,0.6863623383937799,2026-08-06T02:54:52.065883+00:00
HT0225,Cephalexin,vLess-DILI-concern,0.7011376105896876,2026-08-06T02:54:52.065883+00:00
HT0226,Cephradine,Ambiguous-DILI-concern,0.6906625390675878,2026-08-06T02:54:52.065883+00:00
HT0227,Ceritinib,vMost-DILI-concern,0.690856962291659,2026-08-06T02:54:52.065883+00:00
HT0229,Cetirizine hydrochloride,vLess-DILI-concern,0.5944976266893927,2026-08-06T02:54:52.065883+00:00
HT0230,Cetrorelix acetate,Ambiguous-DILI-concern,0.548624105377487,2026-08-06T02:54:52.065883+00:00
HT0232,Cevimeline hydrochloride,Ambiguous-DILI-concern,0.5640220537874013,2026-08-06T02:54:52.065883+00:00
HT0233,Chenodiol,Ambiguous-DILI-concern,0.5495603315246996,2026-08-06T02:54:52.065883+00:00
HT0234,Chlorambucil,vLess-DILI-concern,0.5829496388315724,2026-08-06T02:54:52.065883+00:00
HT0235,Chloramphenicol,vNo-DILI-concern,0.5783344565529228,2026-08-06T02:54:52.065883+00:00
HT0236,Chlorcyclizine hydrochloride,vLess-DILI-concern,0.6417064714740591,2026-08-06T02:54:52.065883+00:00
HT0268,Clomacran,vMost-DILI-concern,0.6790876549408824,2026-08-06T02:54:52.065883+00:00
HT0237,Chlordiazepoxide hydrochloride,vLess-DILI-concern,0.7043980998650923,2026-08-06T02:54:52.065883+00:00
HT0238,Chlormezanone,vMost-DILI-concern,0.6920962441718517,2026-08-06T02:54:52.065883+00:00
HT0239,Chloroquine phosphate,vLess-DILI-concern,0.6603217985333841,2026-08-06T02:54:52.065883+00:00
HT0240,Chlorothiazide,vLess-DILI-concern,0.7122473511979489,2026-08-06T02:54:52.065883+00:00
HT0241,Chlorpheniramine maleate,vNo-DILI-concern,0.6636836406510035,2026-08-06T02:54:52.065883+00:00
HT0242,Chlorpromazine hydrochloride,vLess-DILI-concern,0.6866182329885248,2026-08-06T02:54:52.065883+00:00
HT0243,Chlorpropamide,vLess-DILI-concern,0.6985228705344424,2026-08-06T02:54:52.065883+00:00
HT0244,Chlorthalidone,Ambiguous-DILI-concern,0.7174145142761001,2026-08-06T02:54:52.065883+00:00
HT0245,Chlorzoxazone,vMost-DILI-concern,0.6977495104676109,2026-08-06T02:54:52.065883+00:00
HT0247,Cholic acid,Ambiguous-DILI-concern,0.5408715298010418,2026-08-06T02:54:52.065883+00:00
HT0250,Cidofovir,Ambiguous-DILI-concern,0.5721785396234793,2026-08-06T02:54:52.065883+00:00
HT0251,Cilostazol,Ambiguous-DILI-concern,0.6688816744491937,2026-08-06T02:54:52.065883+00:00
HT0252,Cimetidine,vLess-DILI-concern,0.6386047508284551,2026-08-06T02:54:52.065883+00:00
HT0253,Cinacalcet hydrochloride,vNo-DILI-concern,0.6186591783939477,2026-08-06T02:54:52.065883+00:00
HT0254,Cinchophen,vMost-DILI-concern,0.6933825264892882,2026-08-06T02:54:52.065883+00:00
HT0255,Ciprofloxacin hydrochloride,vMost-DILI-concern,0.6662891123484425,2026-08-06T02:54:52.065883+00:00
HT0256,Cisatracurium besylate,vNo-DILI-concern,0.5678480326908772,2026-08-06T02:54:52.065883+00:00
HT0257,Cisplatin,vLess-DILI-concern,0.5672444877346481,2026-08-06T02:54:52.065883+00:00
HT0258,Citalopram hydrobromide,vLess-DILI-concern,0.6344046391691988,2026-08-06T02:54:52.065883+00:00
HT0259,Cladribine,vLess-DILI-concern,0.6170592586275606,2026-08-06T02:54:52.065883+00:00
HT0260,Clarithromycin,vMost-DILI-concern,0.6369920757699092,2026-08-06T02:54:52.065883+00:00
HT0261,Clemastine fumarate,vNo-DILI-concern,0.6003542946560458,2026-08-06T02:54:52.065883+00:00
HT0262,Clevidipine,vNo-DILI-concern,0.6878614874043035,2026-08-06T02:54:52.065883+00:00
HT0263,Clindamycin hydrochloride,vLess-DILI-concern,0.5686733132882916,2026-08-06T02:54:52.065883+00:00
HT0264,Clindamycin phosphate,vLess-DILI-concern,0.5762588881826923,2026-08-06T02:54:52.065883+00:00
HT0265,Clobazam,Ambiguous-DILI-concern,0.7017725173736948,2026-08-06T02:54:52.065883+00:00
HT0266,Clofarabine,Ambiguous-DILI-concern,0.6204380568179235,2026-08-06T02:54:52.065883+00:00
HT0267,Clofibrate,vLess-DILI-concern,0.6632454184293678,2026-08-06T02:54:52.065883+00:00
HT0269,Clometacin,vMost-DILI-concern,0.6826010509377557,2026-08-06T02:54:52.065883+00:00
HT0270,Clomiphene citrate,vLess-DILI-concern,0.6546658254019017,2026-08-06T02:54:52.065883+00:00
HT0271,Clomipramine hydrochloride,vMost-DILI-concern,0.6699279517211991,2026-08-06T02:54:52.065883+00:00
HT0272,Clonazepam,vLess-DILI-concern,0.7087350328530148,2026-08-06T02:54:52.065883+00:00
HT0273,Clonidine hydrochloride,Ambiguous-DILI-concern,0.6741691538091735,2026-08-06T02:54:52.065883+00:00
HT0274,Clopidogrel bisulfate,vLess-DILI-concern,0.6772304784839044,2026-08-06T02:54:52.065883+00:00
HT0275,Clorazepate dipotassium,Ambiguous-DILI-concern,0.7022394153154916,2026-08-06T02:54:52.065883+00:00
HT0276,Clotrimazole,vLess-DILI-concern,0.6973363971042558,2026-08-06T02:54:52.065883+00:00
HT0277,Cloxacillin sodium,vLess-DILI-concern,0.7280091887750975,2026-08-06T02:54:52.065883+00:00
HT0278,Clozapine,vMost-DILI-concern,0.6981812029384182,2026-08-06T02:54:52.065883+00:00
HT0279,Cobicistat,Ambiguous-DILI-concern,0.603814750633875,2026-08-06T02:54:52.065883+00:00
HT0280,Cobimetinib fumarate,Ambiguous-DILI-concern,0.6555297179516301,2026-08-06T02:54:52.065883+00:00
HT0281,Codeine sulfate,vNo-DILI-concern,0.6210092912074832,2026-08-06T02:54:52.065883+00:00
HT0282,Colchicine,Ambiguous-DILI-concern,0.6654876084797491,2026-08-06T02:54:52.065883+00:00
HT0284,Colestipol hydrochloride,vLess-DILI-concern,0.536791315197821,2026-08-06T02:54:52.065883+00:00
HT0285,Colistimethate sodium,vNo-DILI-concern,0.5330442926100614,2026-08-06T02:54:52.065883+00:00
HT0286,Conivaptan hydrochloride,vNo-DILI-concern,0.70559018454809,2026-08-06T02:54:52.065883+00:00
HT0287,Copanlisib dihydrochloride,vNo-DILI-concern,0.634202959222813,2026-08-06T02:54:52.065883+00:00
HT0288,Copper cu-64 dotatate,vNo-DILI-concern,0.5228894496983825,2026-08-06T02:54:52.065883+00:00
HT0289,Corticorelin ovine triflutate,vNo-DILI-concern,0.5198049687988334,2026-08-06T02:54:52.065883+00:00
HT0290,Corticotropin,vNo-DILI-concern,0.5187501522032583,2026-08-06T02:54:52.065883+00:00
HT0291,Cortisone acetate,vNo-DILI-concern,0.6065973344986749,2026-08-06T02:54:52.065883+00:00
HT0292,Cosyntropin,vNo-DILI-concern,0.5235601644554715,2026-08-06T02:54:52.065883+00:00
HT0293,Crizotinib,vMost-DILI-concern,0.6647695063519633,2026-08-06T02:54:52.065883+00:00
HT0295,Cromoglicate,vLess-DILI-concern,0.6295880003005327,2026-08-06T02:54:52.065883+00:00
HT0296,Cupric chloride,vNo-DILI-concern,0.5587866901256012,2026-08-06T02:54:52.065883+00:00
HT0297,Cyanocobalamin,vNo-DILI-concern,0.5599364559557785,2026-08-06T02:54:52.065883+00:00
HT0298,Cyclobenzaprine hydrochloride,vLess-DILI-concern,0.6726554060811707,2026-08-06T02:54:52.065883+00:00
HT0299,Cyclofenil,vMost-DILI-concern,0.6690137646531501,2026-08-06T02:54:52.065883+00:00
HT0300,Cyclophosphamide,vLess-DILI-concern,0.5708978509248179,2026-08-06T02:54:52.065883+00:00
HT0301,Cycloserine,Ambiguous-DILI-concern,0.5957561157873783,2026-08-06T02:54:52.065883+00:00
HT0328,Deferiprone,Ambiguous-DILI-concern,0.654277086148977,2026-08-06T02:54:52.065883+00:00
HT0302,Cyclosporine,vMost-DILI-concern,0.5699511098085798,2026-08-06T02:54:52.065883+00:00
HT0303,Cyproheptadine hydrochloride,vLess-DILI-concern,0.669364078967046,2026-08-06T02:54:52.065883+00:00
HT0304,Cysteamine bitartrate,Ambiguous-DILI-concern,0.5584949342810285,2026-08-06T02:54:52.065883+00:00
HT0305,Cytarabine,vMost-DILI-concern,0.5703399881452597,2026-08-06T02:54:52.065883+00:00
HT0306,Dabigatran etexilate mesylate,vLess-DILI-concern,0.6688773330978695,2026-08-06T02:54:52.065883+00:00
HT0307,Dabrafenib mesylate,Ambiguous-DILI-concern,0.7264444342583071,2026-08-06T02:54:52.065883+00:00
HT0308,Dacarbazine,vMost-DILI-concern,0.6822964431530011,2026-08-06T02:54:52.065883+00:00
HT0309,Dacomitinib,vLess-DILI-concern,0.7024087807067187,2026-08-06T02:54:52.065883+00:00
HT0310,Dactinomycin,vMost-DILI-concern,0.6670338783128945,2026-08-06T02:54:52.065883+00:00
HT0311,Dalbavancin hydrochloride,Ambiguous-DILI-concern,0.5966505237740561,2026-08-06T02:54:52.065883+00:00
HT0312,Dalfampridine,vNo-DILI-concern,0.6843751627769452,2026-08-06T02:54:52.065883+00:00
HT0314,Danazol,vMost-DILI-concern,0.6319247410918205,2026-08-06T02:54:52.065883+00:00
HT0315,Dantrolene sodium,vMost-DILI-concern,0.6750793352264417,2026-08-06T02:54:52.065883+00:00
HT0316,Dapagliflozin,vNo-DILI-concern,0.5929182244728228,2026-08-06T02:54:52.065883+00:00
HT0317,Dapsone,vLess-DILI-concern,0.6971505364320364,2026-08-06T02:54:52.065883+00:00
HT0327,Deferasirox,vMost-DILI-concern,0.6990354772777814,2026-08-06T02:54:52.065883+00:00
HT0318,Daptomycin,vLess-DILI-concern,0.5851251339760413,2026-08-06T02:54:52.065883+00:00
HT0320,Darifenacin hydrobromide,vNo-DILI-concern,0.6187802079270929,2026-08-06T02:54:52.065883+00:00
HT0321,Darolutamide,Ambiguous-DILI-concern,0.6550850377112927,2026-08-06T02:54:52.065883+00:00
HT0322,Darunavir,vMost-DILI-concern,0.6323145015253621,2026-08-06T02:54:52.065883+00:00
HT0323,Dasatinib,vLess-DILI-concern,0.6832721135438118,2026-08-06T02:54:52.065883+00:00
HT0325,Daunorubicin hydrochloride,vNo-DILI-concern,0.6582050492065122,2026-08-06T02:54:52.065883+00:00
HT0326,Decitabine,Ambiguous-DILI-concern,0.5850951495046958,2026-08-06T02:54:52.065883+00:00
HT0329,Deferoxamine mesylate,vLess-DILI-concern,0.5445755390273895,2026-08-06T02:54:52.065883+00:00
HT0331,Deflazacort,vNo-DILI-concern,0.6078874297688974,2026-08-06T02:54:52.065883+00:00
HT0332,Degarelix acetate,Ambiguous-DILI-concern,0.581647368733737,2026-08-06T02:54:52.065883+00:00
HT0333,Delafloxacin meglumine,Ambiguous-DILI-concern,0.6926188760316129,2026-08-06T02:54:52.065883+00:00
HT0334,Delavirdine mesylate,Ambiguous-DILI-concern,0.6827556032542093,2026-08-06T02:54:52.065883+00:00
HT0335,Demeclocycline hydrochloride,Ambiguous-DILI-concern,0.6754116278372856,2026-08-06T02:54:52.065883+00:00
HT0337,Deoxycholic acid,vNo-DILI-concern,0.5427573051418952,2026-08-06T02:54:52.065883+00:00
HT0339,Desipramine hydrochloride,Ambiguous-DILI-concern,0.6389974250606473,2026-08-06T02:54:52.065883+00:00
HT0340,Desloratadine,vLess-DILI-concern,0.6766132522262296,2026-08-06T02:54:52.065883+00:00
HT0341,Desmopressin acetate,Ambiguous-DILI-concern,0.5351463377096568,2026-08-06T02:54:52.065883+00:00
HT0342,Desvenlafaxine succinate,vLess-DILI-concern,0.5818626332489616,2026-08-06T02:54:52.065883+00:00
HT0343,Deutetrabenazine,vNo-DILI-concern,0.5745470382968406,2026-08-06T02:54:52.065883+00:00
HT0344,Dexamethasone,Ambiguous-DILI-concern,0.5898256291129307,2026-08-06T02:54:52.065883+00:00
HT0345,Dexbrompheniramine maleate,vNo-DILI-concern,0.6542282312036057,2026-08-06T02:54:52.065883+00:00
HT0346,Dexchlorpheniramine maleate,vNo-DILI-concern,0.6636836406510035,2026-08-06T02:54:52.065883+00:00
HT0347,Dexlansoprazole,vLess-DILI-concern,0.6981524959470929,2026-08-06T02:54:52.065883+00:00
HT0348,Dexmedetomidine hydrochloride,Ambiguous-DILI-concern,0.6713808758874276,2026-08-06T02:54:52.065883+00:00
HT0349,Dexmethylphenidate hydrochloride,vLess-DILI-concern,0.6190016208392923,2026-08-06T02:54:52.065883+00:00
HT0350,Dexpanthenol,vNo-DILI-concern,0.5310369664171659,2026-08-06T02:54:52.065883+00:00
HT0351,Dexrazoxane hydrochloride,Ambiguous-DILI-concern,0.587172134188119,2026-08-06T02:54:52.065883+00:00
HT0352,Dextroamphetamine sulfate,vNo-DILI-concern,0.6042134937752978,2026-08-06T02:54:52.065883+00:00
HT0353,Dextromethorphan polistirex,vNo-DILI-concern,0.6098425545464022,2026-08-06T02:54:52.065883+00:00
HT0354,Dextrose,vNo-DILI-concern,0.5369257331669712,2026-08-06T02:54:52.065883+00:00
HT0355,Diatrizoate sodium,vNo-DILI-concern,0.6312339223111213,2026-08-06T02:54:52.065883+00:00
HT0356,Diazepam,vLess-DILI-concern,0.7025647550561369,2026-08-06T02:54:52.065883+00:00
HT0357,Diazoxide,Ambiguous-DILI-concern,0.715916245907726,2026-08-06T02:54:52.065883+00:00
HT0358,Dichlorphenamide,vNo-DILI-concern,0.6801022869968343,2026-08-06T02:54:52.065883+00:00
HT0359,Diclofenac sodium,vMost-DILI-concern,0.6781442593740952,2026-08-06T02:54:52.065883+00:00
HT0360,Dicloxacillin sodium,vLess-DILI-concern,0.7249365150421453,2026-08-06T02:54:52.065883+00:00
HT0361,Dicyclomine hydrochloride,vNo-DILI-concern,0.5534785209933144,2026-08-06T02:54:52.065883+00:00
HT0398,Droxicam,vMost-DILI-concern,0.716156798617775,2026-08-06T02:54:52.065883+00:00
HT0362,Didanosine,vMost-DILI-concern,0.595988506086992,2026-08-06T02:54:52.065883+00:00
HT0363,Diethylpropion hydrochloride,vNo-DILI-concern,0.5962205516708584,2026-08-06T02:54:52.065883+00:00
HT0364,Difelikefalin acetate,vNo-DILI-concern,0.5485585194493888,2026-08-06T02:54:52.065883+00:00
HT0365,Diflunisal,vMost-DILI-concern,0.6778658116267954,2026-08-06T02:54:52.065883+00:00
HT0366,Digoxin,vNo-DILI-concern,0.5693529489386682,2026-08-06T02:54:52.065883+00:00
HT0367,Dihydroergotamine mesylate,vNo-DILI-concern,0.6212632878990165,2026-08-06T02:54:52.065883+00:00
HT0368,Diltiazem hydrochloride,vMost-DILI-concern,0.6815106371581101,2026-08-06T02:54:52.065883+00:00
HT0369,Dimenhydrinate,vNo-DILI-concern,0.6010455621470201,2026-08-06T02:54:52.065883+00:00
HT0370,Dimercaprol,vNo-DILI-concern,0.5345767809390166,2026-08-06T02:54:52.065883+00:00
HT0371,Dimethyl fumarate,vMost-DILI-concern,0.6118033183426661,2026-08-06T02:54:52.065883+00:00
HT0372,Diphenhydramine hydrochloride,vNo-DILI-concern,0.6010455621470201,2026-08-06T02:54:52.065883+00:00
HT0373,Diphenoxylate,vNo-DILI-concern,0.6179254123988789,2026-08-06T02:54:52.065883+00:00
HT0374,Dipyridamole,Ambiguous-DILI-concern,0.5665971917605148,2026-08-06T02:54:52.065883+00:00
HT0375,Diroximel fumarate,Ambiguous-DILI-concern,0.5892387635629072,2026-08-06T02:54:52.065883+00:00
HT0376,Disopyramide phosphate,vLess-DILI-concern,0.6159507541471019,2026-08-06T02:54:52.065883+00:00
HT0377,Disulfiram,vMost-DILI-concern,0.587060405728631,2026-08-06T02:54:52.065883+00:00
HT0378,Divalproex sodium,vMost-DILI-concern,0.5554241737120494,2026-08-06T02:54:52.065883+00:00
HT0379,Dobutamine hydrochloride,vNo-DILI-concern,0.5855764977647205,2026-08-06T02:54:52.065883+00:00
HT0380,Docetaxel,vLess-DILI-concern,0.6831028353030687,2026-08-06T02:54:52.065883+00:00
HT0381,Dofetilide,vLess-DILI-concern,0.6553911775200293,2026-08-06T02:54:52.065883+00:00
HT0382,Dolasetron mesylate,Ambiguous-DILI-concern,0.6323394514664726,2026-08-06T02:54:52.065883+00:00
HT0383,Dolutegravir sodium,vMost-DILI-concern,0.6477457727084048,2026-08-06T02:54:52.065883+00:00
HT0384,Donepezil hydrochloride,vLess-DILI-concern,0.6314078336889937,2026-08-06T02:54:52.065883+00:00
HT0385,Dopamine hydrochloride,vNo-DILI-concern,0.5821769315748493,2026-08-06T02:54:52.065883+00:00
HT0386,Doravirine,Ambiguous-DILI-concern,0.705609576773648,2026-08-06T02:54:52.065883+00:00
HT0387,Doripenem,Ambiguous-DILI-concern,0.6321506341863715,2026-08-06T02:54:52.065883+00:00
HT0388,Doxapram hydrochloride,vNo-DILI-concern,0.6154674855113479,2026-08-06T02:54:52.065883+00:00
HT0389,Doxazosin mesylate,vLess-DILI-concern,0.6667130332240417,2026-08-06T02:54:52.065883+00:00
HT0390,Doxepin hydrochloride,vLess-DILI-concern,0.6554159000503015,2026-08-06T02:54:52.065883+00:00
HT0391,Doxercalciferol,Ambiguous-DILI-concern,0.5884352022332086,2026-08-06T02:54:52.065883+00:00
HT0392,Doxorubicin hydrochloride,vLess-DILI-concern,0.6285017126388811,2026-08-06T02:54:52.065883+00:00
HT0393,Doxycycline,vLess-DILI-concern,0.6700119226028104,2026-08-06T02:54:52.065883+00:00
HT0394,Doxylamine succinate,vNo-DILI-concern,0.6099724010484223,2026-08-06T02:54:52.065883+00:00
HT0395,Dronabinol,Ambiguous-DILI-concern,0.6277356991426453,2026-08-06T02:54:52.065883+00:00
HT0396,Dronedarone hydrochloride,vMost-DILI-concern,0.6756551707052163,2026-08-06T02:54:52.065883+00:00
HT0397,Droperidol,vNo-DILI-concern,0.6450383602853687,2026-08-06T02:54:52.065883+00:00
HT0399,Droxidopa,vNo-DILI-concern,0.5717264338089252,2026-08-06T02:54:52.065883+00:00
HT0400,Duloxetine hydrochloride,vMost-DILI-concern,0.667825544731706,2026-08-06T02:54:52.065883+00:00
HT0401,Dutasteride,vNo-DILI-concern,0.6392704568944231,2026-08-06T02:54:52.065883+00:00
HT0402,Duvelisib,Ambiguous-DILI-concern,0.7057074747626673,2026-08-06T02:54:52.065883+00:00
HT0403,Dyphylline,vNo-DILI-concern,0.5665861581405687,2026-08-06T02:54:52.065883+00:00
HT0404,Ebrotidine,vMost-DILI-concern,0.7111910267424868,2026-08-06T02:54:52.065883+00:00
HT0405,Ecallantide,vNo-DILI-concern,0.5082427567488332,2026-08-06T02:54:52.065883+00:00
HT0407,Edaravone,vNo-DILI-concern,0.6844720546635858,2026-08-06T02:54:52.065883+00:00
HT0408,Edetate calcium disodium,Ambiguous-DILI-concern,0.5475092714817371,2026-08-06T02:54:52.065883+00:00
HT0409,Edoxaban tosylate,Ambiguous-DILI-concern,0.6934777014575191,2026-08-06T02:54:52.065883+00:00
HT0410,Edrophonium chloride,vNo-DILI-concern,0.5966967049634182,2026-08-06T02:54:52.065883+00:00
HT0411,Efavirenz,vMost-DILI-concern,0.6774424464321408,2026-08-06T02:54:52.065883+00:00
HT0412,Elagolix sodium,Ambiguous-DILI-concern,0.6431817630223693,2026-08-06T02:54:52.065883+00:00
HT0413,Eletriptan hydrobromide,Ambiguous-DILI-concern,0.636049508230387,2026-08-06T02:54:52.065883+00:00
HT0414,Eliglustat tartrate,vNo-DILI-concern,0.5495402466823677,2026-08-06T02:54:52.065883+00:00
HT0415,Eltrombopag olamine,vMost-DILI-concern,0.7091325604278479,2026-08-06T02:54:52.065883+00:00
HT0416,Eluxadoline,Ambiguous-DILI-concern,0.6651719618123337,2026-08-06T02:54:52.065883+00:00
HT0417,Empagliflozin,vNo-DILI-concern,0.5783695976260709,2026-08-06T02:54:52.065883+00:00
HT0418,Emtricitabine,Ambiguous-DILI-concern,0.614080481403948,2026-08-06T02:54:52.065883+00:00
HT0419,Enalapril maleate,vLess-DILI-concern,0.6057794711211777,2026-08-06T02:54:52.065883+00:00
HT0420,Enalaprilat,Ambiguous-DILI-concern,0.5879715343704948,2026-08-06T02:54:52.065883+00:00
HT0421,Enasidenib mesylate,Ambiguous-DILI-concern,0.6457103593207388,2026-08-06T02:54:52.065883+00:00
HT0422,Encorafenib,Ambiguous-DILI-concern,0.7133958271431756,2026-08-06T02:54:52.065883+00:00
HT0423,Enfuvirtide,Ambiguous-DILI-concern,0.5314102174624222,2026-08-06T02:54:52.065883+00:00
HT0425,Entacapone,vLess-DILI-concern,0.655704220241329,2026-08-06T02:54:52.065883+00:00
HT0475,Exifone,vMost-DILI-concern,0.6482980223590925,2026-08-06T02:54:52.065883+00:00
HT0426,Entecavir,Ambiguous-DILI-concern,0.6094792211192358,2026-08-06T02:54:52.065883+00:00
HT0427,Entrectinib,Ambiguous-DILI-concern,0.6763939272443087,2026-08-06T02:54:52.065883+00:00
HT0428,Enzalutamide,vNo-DILI-concern,0.6809897760382612,2026-08-06T02:54:52.065883+00:00
HT0429,Ephedrine sulfate,vNo-DILI-concern,0.587981216041563,2026-08-06T02:54:52.065883+00:00
HT0430,Epinephrine,vNo-DILI-concern,0.5645098622093481,2026-08-06T02:54:52.065883+00:00
HT0431,Epirubicin hydrochloride,Ambiguous-DILI-concern,0.6285017126388811,2026-08-06T02:54:52.065883+00:00
HT0432,Eplerenone,vLess-DILI-concern,0.627568922042211,2026-08-06T02:54:52.065883+00:00
HT0433,Epoetin alfa,vNo-DILI-concern,0.5785482045859788,2026-08-06T02:54:52.065883+00:00
HT0434,Epoprostenol sodium,Ambiguous-DILI-concern,0.5608052152781501,2026-08-06T02:54:52.065883+00:00
HT0435,Eprosartan mesylate,Ambiguous-DILI-concern,0.6809427384610218,2026-08-06T02:54:52.065883+00:00
HT0436,Eptifibatide,vNo-DILI-concern,0.5601938180784398,2026-08-06T02:54:52.065883+00:00
HT0437,Eravacycline dihydrochloride,Ambiguous-DILI-concern,0.6365228592601133,2026-08-06T02:54:52.065883+00:00
HT0438,Erdafitinib,Ambiguous-DILI-concern,0.6843679319734518,2026-08-06T02:54:52.065883+00:00
HT0439,Ergocalciferol,vNo-DILI-concern,0.5871106786790176,2026-08-06T02:54:52.065883+00:00
HT0440,Eribulin mesylate,Ambiguous-DILI-concern,0.5648696005153026,2026-08-06T02:54:52.065883+00:00
HT0441,Erlotinib hydrochloride,vMost-DILI-concern,0.6717934629587183,2026-08-06T02:54:52.065883+00:00
HT0442,Ertapenem sodium,Ambiguous-DILI-concern,0.6621140346778507,2026-08-06T02:54:52.065883+00:00
HT0443,Ertugliflozin,vNo-DILI-concern,0.6128354684448207,2026-08-06T02:54:52.065883+00:00
HT0444,Erythromycin estolate,vMost-DILI-concern,0.6432008661906914,2026-08-06T02:54:52.065883+00:00
HT0445,Erythropoietin,vNo-DILI-concern,0.5785482045859788,2026-08-06T02:54:52.065883+00:00
HT0446,Escitalopram oxalate,vLess-DILI-concern,0.6344046391691988,2026-08-06T02:54:52.065883+00:00
HT0447,Eslicarbazepine acetate,Ambiguous-DILI-concern,0.6715926115448645,2026-08-06T02:54:52.065883+00:00
HT0448,Esmolol hydrochloride,vNo-DILI-concern,0.5752261909426377,2026-08-06T02:54:52.065883+00:00
HT0449,Esomeprazole sodium,vLess-DILI-concern,0.7113706803294984,2026-08-06T02:54:52.065883+00:00
HT0450,Estazolam,vNo-DILI-concern,0.713368760127086,2026-08-06T02:54:52.065883+00:00
HT0451,Estradiol valerate,vLess-DILI-concern,0.616184655785077,2026-08-06T02:54:52.065883+00:00
HT0452,Estramustine phosphate sodium,vMost-DILI-concern,0.6313928979832101,2026-08-06T02:54:52.065883+00:00
HT0453,"Estrogens, conjugated",Ambiguous-DILI-concern,0.6381080979039906,2026-08-06T02:54:52.065883+00:00
HT0454,Estrone,Ambiguous-DILI-concern,0.6123315823618062,2026-08-06T02:54:52.065883+00:00
HT0455,Estropipate,Ambiguous-DILI-concern,0.6381080979039906,2026-08-06T02:54:52.065883+00:00
HT0456,Eszopiclone,vLess-DILI-concern,0.7030634513727618,2026-08-06T02:54:52.065883+00:00
HT0458,Etelcalcetide,vNo-DILI-concern,0.5420282966686572,2026-08-06T02:54:52.065883+00:00
HT0460,Ethacrynic acid,Ambiguous-DILI-concern,0.6546375563723977,2026-08-06T02:54:52.065883+00:00
HT0461,Ethambutol hydrochloride,vMost-DILI-concern,0.5310707913620892,2026-08-06T02:54:52.065883+00:00
HT0462,Ethanolamine oleate,vNo-DILI-concern,0.546037679841821,2026-08-06T02:54:52.065883+00:00
HT0463,Ethionamide,vLess-DILI-concern,0.6657331396626874,2026-08-06T02:54:52.065883+00:00
HT0464,Ethosuximide,Ambiguous-DILI-concern,0.6179463112702128,2026-08-06T02:54:52.065883+00:00
HT0465,Ethotoin,Ambiguous-DILI-concern,0.6577465452653692,2026-08-06T02:54:52.065883+00:00
HT0466,Etidronate disodium,vNo-DILI-concern,0.5441127864742971,2026-08-06T02:54:52.065883+00:00
HT0467,Etodolac,vMost-DILI-concern,0.6314753640979122,2026-08-06T02:54:52.065883+00:00
HT0468,Etomidate,vNo-DILI-concern,0.6403283715818127,2026-08-06T02:54:52.065883+00:00
HT0469,Etonogestrel,Ambiguous-DILI-concern,0.6212168071951928,2026-08-06T02:54:52.065883+00:00
HT0470,Etoposide,vLess-DILI-concern,0.6763105998564201,2026-08-06T02:54:52.065883+00:00
HT0471,Etravirine,vMost-DILI-concern,0.7035690939110124,2026-08-06T02:54:52.065883+00:00
HT0472,Everolimus,vLess-DILI-concern,0.5878685228142929,2026-08-06T02:54:52.065883+00:00
HT0473,Exemestane,vMost-DILI-concern,0.6449063103249086,2026-08-06T02:54:52.065883+00:00
HT0474,Exenatide synthetic,vNo-DILI-concern,0.5229562363259187,2026-08-06T02:54:52.065883+00:00
HT0476,Ezetimibe,vLess-DILI-concern,0.6441706658251802,2026-08-06T02:54:52.065883+00:00
HT0477,Falnidamol,vMost-DILI-concern,0.6893720088540819,2026-08-06T02:54:52.065883+00:00
HT0478,Famciclovir,Ambiguous-DILI-concern,0.6250117437692408,2026-08-06T02:54:52.065883+00:00
HT0479,Famotidine,vLess-DILI-concern,0.667340004197865,2026-08-06T02:54:52.065883+00:00
HT0480,Febuxostat,vMost-DILI-concern,0.664055652673155,2026-08-06T02:54:52.065883+00:00
HT0481,Fedratinib hydrochloride,Ambiguous-DILI-concern,0.6973797685268058,2026-08-06T02:54:52.065883+00:00
HT0482,Felbamate,vMost-DILI-concern,0.6160481129515349,2026-08-06T02:54:52.065883+00:00
HT0483,Felodipine,vLess-DILI-concern,0.689440390519999,2026-08-06T02:54:52.065883+00:00
HT0484,Fenclozic acid,vMost-DILI-concern,0.692804044559459,2026-08-06T02:54:52.065883+00:00
HT0485,Fenofibrate,vLess-DILI-concern,0.6774676171821297,2026-08-06T02:54:52.065883+00:00
HT0486,Fenofibric acid,vLess-DILI-concern,0.6827145405922884,2026-08-06T02:54:52.065883+00:00
HT0487,Fenoldopam mesylate,vNo-DILI-concern,0.6162557989870687,2026-08-06T02:54:52.065883+00:00
HT0488,Fenoprofen calcium,vMost-DILI-concern,0.6618069191024532,2026-08-06T02:54:52.065883+00:00
HT0489,Ferric maltol,vNo-DILI-concern,0.6571820902210835,2026-08-06T02:54:52.065883+00:00
HT0492,Ferumoxytol,vNo-DILI-concern,0.5975109583849388,2026-08-06T02:54:52.065883+00:00
HT0493,Fesoterodine fumarate,vNo-DILI-concern,0.5796161746149858,2026-08-06T02:54:52.065883+00:00
HT0494,Fexinidazole,Ambiguous-DILI-concern,0.6744831813727815,2026-08-06T02:54:52.065883+00:00
HT0495,Fexofenadine hydrochloride,vNo-DILI-concern,0.5589791930020339,2026-08-06T02:54:52.065883+00:00
HT0496,Fialuridine,vMost-DILI-concern,0.5807235757163365,2026-08-06T02:54:52.065883+00:00
HT0966,Perhexiline,vMost-DILI-concern,0.5607428702004563,2026-08-06T02:54:52.065883+00:00
HT0497,Fidaxomicin,Ambiguous-DILI-concern,0.6356981152337288,2026-08-06T02:54:52.065883+00:00
HT0498,Fiduxosin,vMost-DILI-concern,0.678086528496383,2026-08-06T02:54:52.065883+00:00
HT0500,Finasteride,vLess-DILI-concern,0.6146420278301657,2026-08-06T02:54:52.065883+00:00
HT0501,Finerenone,vNo-DILI-concern,0.6954334510556565,2026-08-06T02:54:52.065883+00:00
HT0502,Fingolimod hydrochloride,vMost-DILI-concern,0.5570073944633855,2026-08-06T02:54:52.065883+00:00
HT0503,Fipexide,vMost-DILI-concern,0.6599460215920415,2026-08-06T02:54:52.065883+00:00
HT0504,Flavoxate hydrochloride,vLess-DILI-concern,0.6531769119061507,2026-08-06T02:54:52.065883+00:00
HT0505,Flecainide acetate,vLess-DILI-concern,0.6206764823419578,2026-08-06T02:54:52.065883+00:00
HT0506,Flibanserin,vNo-DILI-concern,0.6178074597820282,2026-08-06T02:54:52.065883+00:00
HT0507,Florbetaben f-18,vNo-DILI-concern,0.5980260557787961,2026-08-06T02:54:52.065883+00:00
HT0508,Florbetapir f-18,vNo-DILI-concern,0.6058229785470827,2026-08-06T02:54:52.065883+00:00
HT0509,Flortaucipir f-18,vNo-DILI-concern,0.6884915670576286,2026-08-06T02:54:52.065883+00:00
HT0510,Fluciclovine f-18,vNo-DILI-concern,0.5627622897497007,2026-08-06T02:54:52.065883+00:00
HT0511,Fluconazole,vMost-DILI-concern,0.6610628400013348,2026-08-06T02:54:52.065883+00:00
HT0512,Flucytosine,Ambiguous-DILI-concern,0.6837343300734525,2026-08-06T02:54:52.065883+00:00
HT0513,Fludarabine phosphate,vNo-DILI-concern,0.5923263063243168,2026-08-06T02:54:52.065883+00:00
HT0514,Fludrocortisone acetate,vNo-DILI-concern,0.6015004661820103,2026-08-06T02:54:52.065883+00:00
HT0515,Flumazenil,vNo-DILI-concern,0.6797155859114817,2026-08-06T02:54:52.065883+00:00
HT0516,Fluorescein sodium,vNo-DILI-concern,0.6849338297262426,2026-08-06T02:54:52.065883+00:00
HT0517,Fluorodopa f-18,vNo-DILI-concern,0.5794521521502652,2026-08-06T02:54:52.065883+00:00
HT0518,Fluoroestradiol f-18,vNo-DILI-concern,0.5892459341460006,2026-08-06T02:54:52.065883+00:00
HT0519,Fluorouracil,vLess-DILI-concern,0.6785099961762835,2026-08-06T02:54:52.065883+00:00
HT0520,Fluoxetine hydrochloride,vLess-DILI-concern,0.6222619674932163,2026-08-06T02:54:52.065883+00:00
HT0521,Fluoxymesterone,Ambiguous-DILI-concern,0.6082893929617381,2026-08-06T02:54:52.065883+00:00
HT0522,Fluphenazine hydrochloride,Ambiguous-DILI-concern,0.6011261505870618,2026-08-06T02:54:52.065883+00:00
HT0523,Flurazepam hydrochloride,vLess-DILI-concern,0.6814791056744305,2026-08-06T02:54:52.065883+00:00
HT0524,Flurbiprofen sodium,vLess-DILI-concern,0.6656192004446527,2026-08-06T02:54:52.065883+00:00
HT0525,Flutamide,vMost-DILI-concern,0.666591522713418,2026-08-06T02:54:52.065883+00:00
HT0526,Flutemetamol f-18,vNo-DILI-concern,0.6914735489825375,2026-08-06T02:54:52.065883+00:00
HT0536,Fosdenopterin hydrobromide,vNo-DILI-concern,0.5810346820618976,2026-08-06T02:54:52.065883+00:00
HT0527,Fluvastatin sodium,vLess-DILI-concern,0.6478404861829019,2026-08-06T02:54:52.065883+00:00
HT0528,Fluvoxamine maleate,Ambiguous-DILI-concern,0.5890174208761931,2026-08-06T02:54:52.065883+00:00
HT0529,Folic acid,vNo-DILI-concern,0.5894614996817609,2026-08-06T02:54:52.065883+00:00
HT0531,Fomepizole,Ambiguous-DILI-concern,0.6880573946791648,2026-08-06T02:54:52.065883+00:00
HT0532,Fondaparinux sodium,vLess-DILI-concern,0.5917249627492266,2026-08-06T02:54:52.065883+00:00
HT0533,Fosamprenavir calcium,Ambiguous-DILI-concern,0.6308773057309142,2026-08-06T02:54:52.065883+00:00
HT0534,Fosaprepitant dimeglumine,Ambiguous-DILI-concern,0.6222090967680735,2026-08-06T02:54:52.065883+00:00
HT0535,Foscarnet sodium,Ambiguous-DILI-concern,0.5585994330092698,2026-08-06T02:54:52.065883+00:00
HT0537,Fosfomycin tromethamine,vLess-DILI-concern,0.5319453587153296,2026-08-06T02:54:52.065883+00:00
HT0538,Fosinopril sodium,vLess-DILI-concern,0.6108548899011089,2026-08-06T02:54:52.065883+00:00
HT0539,Fosphenytoin sodium,vMost-DILI-concern,0.6599619499643155,2026-08-06T02:54:52.065883+00:00
HT0540,Fospropofol disodium,vLess-DILI-concern,0.5911802921757533,2026-08-06T02:54:52.065883+00:00
HT0541,Fostamatinib disodium,Ambiguous-DILI-concern,0.6866301542463503,2026-08-06T02:54:52.065883+00:00
HT0542,Fostemsavir tromethamine,Ambiguous-DILI-concern,0.6832567917722623,2026-08-06T02:54:52.065883+00:00
HT0543,Frovatriptan succinate,vNo-DILI-concern,0.6406492227556029,2026-08-06T02:54:52.065883+00:00
HT0544,Fulvestrant,Ambiguous-DILI-concern,0.5755321960155766,2026-08-06T02:54:52.065883+00:00
HT0545,Furosemide,Ambiguous-DILI-concern,0.7038333706401827,2026-08-06T02:54:52.065883+00:00
HT0546,Gabapentin,vLess-DILI-concern,0.5484318866261603,2026-08-06T02:54:52.065883+00:00
HT0547,Gabapentin enacarbil,vNo-DILI-concern,0.5590691385523613,2026-08-06T02:54:52.065883+00:00
HT0548,Gadobenate dimeglumine,vNo-DILI-concern,0.5483160651878772,2026-08-06T02:54:52.065883+00:00
HT0549,Gadobutrol,vNo-DILI-concern,0.5295828524293454,2026-08-06T02:54:52.065883+00:00
HT0550,Gadodiamide,Ambiguous-DILI-concern,0.5439670817056774,2026-08-06T02:54:52.065883+00:00
HT0551,Gadofosveset trisodium,vNo-DILI-concern,0.5463801513887793,2026-08-06T02:54:52.065883+00:00
HT0552,Gadopentetate dimeglumine,vNo-DILI-concern,0.544951199031017,2026-08-06T02:54:52.065883+00:00
HT0553,Gadoterate meglumine,vNo-DILI-concern,0.5445000856995289,2026-08-06T02:54:52.065883+00:00
HT0554,Gadoteridol,vNo-DILI-concern,0.5368864320435285,2026-08-06T02:54:52.065883+00:00
HT0555,Gadoversetamide,vNo-DILI-concern,0.5386198119665387,2026-08-06T02:54:52.065883+00:00
HT0556,Gadoxetate disodium,vNo-DILI-concern,0.5481698012807424,2026-08-06T02:54:52.065883+00:00
HT0557,Galantamine hydrobromide,Ambiguous-DILI-concern,0.6048978692157968,2026-08-06T02:54:52.065883+00:00
HT0558,Gallium dotatate ga-68,vNo-DILI-concern,0.5228894496983825,2026-08-06T02:54:52.065883+00:00
HT0559,Gallium ga-68 edotreotide,vNo-DILI-concern,0.5215283046349443,2026-08-06T02:54:52.065883+00:00
HT0560,Gallium ga-68 gozetotide,vNo-DILI-concern,0.5361678711445181,2026-08-06T02:54:52.065883+00:00
HT0561,Gallium nitrate,Ambiguous-DILI-concern,0.6085566046067806,2026-08-06T02:54:52.065883+00:00
HT0563,Ganciclovir sodium,Ambiguous-DILI-concern,0.5856192109822883,2026-08-06T02:54:52.065883+00:00
HT0564,Ganirelix acetate,vNo-DILI-concern,0.548884858650318,2026-08-06T02:54:52.065883+00:00
HT0565,Gefitinib,vMost-DILI-concern,0.6831814168150441,2026-08-06T02:54:52.065883+00:00
HT0566,Gemcitabine hydrochloride,vMost-DILI-concern,0.5847114013438035,2026-08-06T02:54:52.065883+00:00
HT0567,Gemfibrozil,vMost-DILI-concern,0.6216143589715881,2026-08-06T02:54:52.065883+00:00
HT0568,Gemifloxacin mesylate,vLess-DILI-concern,0.6594191574064223,2026-08-06T02:54:52.065883+00:00
HT0570,Gilteritinib fumarate,Ambiguous-DILI-concern,0.665652647194694,2026-08-06T02:54:52.065883+00:00
HT0572,Glafenine,vMost-DILI-concern,0.6743448209698666,2026-08-06T02:54:52.065883+00:00
HT0573,Glasdegib maleate,Ambiguous-DILI-concern,0.6566242736682042,2026-08-06T02:54:52.065883+00:00
HT0575,Glimepiride,vLess-DILI-concern,0.7110773625793335,2026-08-06T02:54:52.065883+00:00
HT0576,Glipizide,vLess-DILI-concern,0.7034660224270451,2026-08-06T02:54:52.065883+00:00
HT0577,Glyburide,vLess-DILI-concern,0.717770826486357,2026-08-06T02:54:52.065883+00:00
HT0578,Glycopyrrolate,vNo-DILI-concern,0.5589750227353867,2026-08-06T02:54:52.065883+00:00
HT0581,Goserelin acetate,Ambiguous-DILI-concern,0.5446915675556652,2026-08-06T02:54:52.065883+00:00
HT0582,Granisetron hydrochloride,Ambiguous-DILI-concern,0.6549986175191984,2026-08-06T02:54:52.065883+00:00
HT0583,Griseofulvin,vMost-DILI-concern,0.677953756152629,2026-08-06T02:54:52.065883+00:00
HT0584,Guaifenesin,vNo-DILI-concern,0.5745861243528111,2026-08-06T02:54:52.065883+00:00
HT0585,Guanethidine monosulfate,vNo-DILI-concern,0.5553459337966244,2026-08-06T02:54:52.065883+00:00
HT0586,Guanfacine hydrochloride,Ambiguous-DILI-concern,0.6650884914195105,2026-08-06T02:54:52.065883+00:00
HT0587,Guanidine hydrochloride,Ambiguous-DILI-concern,0.6014806531384485,2026-08-06T02:54:52.065883+00:00
HT0588,Haloperidol decanoate,vLess-DILI-concern,0.6355795216143474,2026-08-06T02:54:52.065883+00:00
HT0589,Haloperidol lactate,vLess-DILI-concern,0.6248467625865383,2026-08-06T02:54:52.065883+00:00
HT0590,Heparin sodium,vLess-DILI-concern,0.5897816815125938,2026-08-06T02:54:52.065883+00:00
HT0592,Histamine phosphate,vNo-DILI-concern,0.6020145448816834,2026-08-06T02:54:52.065883+00:00
HT0593,Histrelin acetate,Ambiguous-DILI-concern,0.546821049048934,2026-08-06T02:54:52.065883+00:00
HT0606,Ibandronate sodium,vLess-DILI-concern,0.5344268168919488,2026-08-06T02:54:52.065883+00:00
HT0596,Hydralazine hydrochloride,vLess-DILI-concern,0.7049025539403033,2026-08-06T02:54:52.065883+00:00
HT0597,Hydrochlorothiazide,vLess-DILI-concern,0.6918600078635749,2026-08-06T02:54:52.065883+00:00
HT0598,Hydrocortisone acetate,vNo-DILI-concern,0.5883201182989594,2026-08-06T02:54:52.065883+00:00
HT0599,Hydroflumethiazide,Ambiguous-DILI-concern,0.6737561748484143,2026-08-06T02:54:52.065883+00:00
HT0600,Hydromorphone hydrochloride,Ambiguous-DILI-concern,0.5805859140331864,2026-08-06T02:54:52.065883+00:00
HT0601,Hydroxocobalamin,Ambiguous-DILI-concern,0.5801756661151457,2026-08-06T02:54:52.065883+00:00
HT0602,Hydroxychloroquine sulfate,vLess-DILI-concern,0.6248892484341514,2026-08-06T02:54:52.065883+00:00
HT0603,Hydroxyprogesterone caproate,Ambiguous-DILI-concern,0.628649472219861,2026-08-06T02:54:52.065883+00:00
HT0604,Hydroxyurea,vMost-DILI-concern,0.6095490196276376,2026-08-06T02:54:52.065883+00:00
HT0605,Hydroxyzine hydrochloride,vNo-DILI-concern,0.5748968542749407,2026-08-06T02:54:52.065883+00:00
HT0607,Ibrexafungerp citrate,Ambiguous-DILI-concern,0.6616596018238731,2026-08-06T02:54:52.065883+00:00
HT0609,Ibrutinib,vMost-DILI-concern,0.6958579929176419,2026-08-06T02:54:52.065883+00:00
HT0610,Ibufenac,vMost-DILI-concern,0.5965049147323154,2026-08-06T02:54:52.065883+00:00
HT0611,Ibuprofen,vLess-DILI-concern,0.6030690441349894,2026-08-06T02:54:52.065883+00:00
HT0612,Ibutilide fumarate,vNo-DILI-concern,0.5823505841165585,2026-08-06T02:54:52.065883+00:00
HT0613,Icatibant acetate,Ambiguous-DILI-concern,0.5567394605140468,2026-08-06T02:54:52.065883+00:00
HT0614,Idarubicin hydrochloride,Ambiguous-DILI-concern,0.6404908326152433,2026-08-06T02:54:52.065883+00:00
HT0615,Idelalisib,vMost-DILI-concern,0.6975850172139147,2026-08-06T02:54:52.065883+00:00
HT0617,Ifosfamide,vLess-DILI-concern,0.5730920789287403,2026-08-06T02:54:52.065883+00:00
HT0618,Iloperidone,Ambiguous-DILI-concern,0.6450247935438219,2026-08-06T02:54:52.065883+00:00
HT0619,Imatinib mesylate,vMost-DILI-concern,0.7053137784238926,2026-08-06T02:54:52.065883+00:00
HT0621,Imipramine hydrochloride,vLess-DILI-concern,0.6462845799218573,2026-08-06T02:54:52.065883+00:00
HT0622,Inamrinone lactate,Ambiguous-DILI-concern,0.7003050605698637,2026-08-06T02:54:52.065883+00:00
HT0624,Indapamide,Ambiguous-DILI-concern,0.7167410153942146,2026-08-06T02:54:52.065883+00:00
HT0625,Indinavir sulfate,Ambiguous-DILI-concern,0.6130206783156223,2026-08-06T02:54:52.065883+00:00
HT0626,Indocyanine green,vNo-DILI-concern,0.6484996046540293,2026-08-06T02:54:52.065883+00:00
HT0627,Indomethacin,vMost-DILI-concern,0.6977510394335648,2026-08-06T02:54:52.065883+00:00
HT0628,Infigratinib phosphate,Ambiguous-DILI-concern,0.6905585219906902,2026-08-06T02:54:52.065883+00:00
HT0632,Interferon alfa-2b,vMost-DILI-concern,0.6723004236869741,2026-08-06T02:54:52.065883+00:00
HT0637,Iodipamide sodium,vNo-DILI-concern,0.6031786620012338,2026-08-06T02:54:52.065883+00:00
HT0638,Ioflupane i-123,vNo-DILI-concern,0.5729646274158589,2026-08-06T02:54:52.065883+00:00
HT0639,Iothalamate meglumine,vNo-DILI-concern,0.5280220833746069,2026-08-06T02:54:52.065883+00:00
HT0640,Ioversol,vNo-DILI-concern,0.542211090653399,2026-08-06T02:54:52.065883+00:00
HT0641,Iproniazid,vMost-DILI-concern,0.6582117343350115,2026-08-06T02:54:52.065883+00:00
HT0642,Irbesartan,vLess-DILI-concern,0.7141425396427171,2026-08-06T02:54:52.065883+00:00
HT0643,Irinotecan hydrochloride,vLess-DILI-concern,0.6434086504696812,2026-08-06T02:54:52.065883+00:00
HT0644,Isavuconazonium sulfate,Ambiguous-DILI-concern,0.6920136501586625,2026-08-06T02:54:52.065883+00:00
HT0645,Isaxonine,vMost-DILI-concern,0.6547606410899058,2026-08-06T02:54:52.065883+00:00
HT0646,Isocarboxazid,Ambiguous-DILI-concern,0.6849235733110212,2026-08-06T02:54:52.065883+00:00
HT0647,Isoniazid,vMost-DILI-concern,0.6839365131602942,2026-08-06T02:54:52.065883+00:00
HT0648,Isoproterenol hydrochloride,vNo-DILI-concern,0.5574768558716627,2026-08-06T02:54:52.065883+00:00
HT0649,Isosorbide dinitrate,vNo-DILI-concern,0.5730323071285891,2026-08-06T02:54:52.065883+00:00
HT0650,Isosorbide mononitrate,Ambiguous-DILI-concern,0.5619175453464017,2026-08-06T02:54:52.065883+00:00
HT0651,Isotretinoin,vMost-DILI-concern,0.6480652564963114,2026-08-06T02:54:52.065883+00:00
HT0652,Isoxsuprine hydrochloride,vNo-DILI-concern,0.5839428251676819,2026-08-06T02:54:52.065883+00:00
HT0653,Isradipine,vLess-DILI-concern,0.701543408353375,2026-08-06T02:54:52.065883+00:00
HT0654,Istradefylline,vNo-DILI-concern,0.6634081858133234,2026-08-06T02:54:52.065883+00:00
HT0655,Itraconazole,vMost-DILI-concern,0.6853139816893621,2026-08-06T02:54:52.065883+00:00
HT0656,Ivabradine hydrochloride,vNo-DILI-concern,0.5974694248499774,2026-08-06T02:54:52.065883+00:00
HT0657,Ivacaftor,vLess-DILI-concern,0.6803024359657274,2026-08-06T02:54:52.065883+00:00
HT0674,Lansoprazole,vLess-DILI-concern,0.6981524959470929,2026-08-06T02:54:52.065883+00:00
HT0658,Ivermectin,vLess-DILI-concern,0.6313873777492589,2026-08-06T02:54:52.065883+00:00
HT0659,Ivosidenib,Ambiguous-DILI-concern,0.6722606096724573,2026-08-06T02:54:52.065883+00:00
HT0660,Ixabepilone,Ambiguous-DILI-concern,0.6481092473730587,2026-08-06T02:54:52.065883+00:00
HT0661,Ixazomib citrate,Ambiguous-DILI-concern,0.61641919148318,2026-08-06T02:54:52.065883+00:00
HT0662,Kanamycin,vNo-DILI-concern,0.5324448645702424,2026-08-06T02:54:52.065883+00:00
HT0663,Ketamine hydrochloride,vLess-DILI-concern,0.6496144595040843,2026-08-06T02:54:52.065883+00:00
HT0664,Ketoconazole,vMost-DILI-concern,0.6851095900839114,2026-08-06T02:54:52.065883+00:00
HT0665,Ketoprofen,vLess-DILI-concern,0.6601603313211188,2026-08-06T02:54:52.065883+00:00
HT0666,Ketorolac tromethamine,vLess-DILI-concern,0.6431235879892612,2026-08-06T02:54:52.065883+00:00
HT0667,Labetalol hydrochloride,vMost-DILI-concern,0.5819262298972868,2026-08-06T02:54:52.065883+00:00
HT0668,Lacosamide,Ambiguous-DILI-concern,0.5872450202633678,2026-08-06T02:54:52.065883+00:00
HT0669,Lactitol,vNo-DILI-concern,0.5293047773396592,2026-08-06T02:54:52.065883+00:00
HT0670,Lactulose,vNo-DILI-concern,0.5319749083640419,2026-08-06T02:54:52.065883+00:00
HT0671,Lamivudine,vLess-DILI-concern,0.6207424589983966,2026-08-06T02:54:52.065883+00:00
HT0672,Lamotrigine,vMost-DILI-concern,0.7040335074869949,2026-08-06T02:54:52.065883+00:00
HT0673,Lanreotide acetate,Ambiguous-DILI-concern,0.5462904168484265,2026-08-06T02:54:52.065883+00:00
HT0675,Lanthanum carbonate,vNo-DILI-concern,0.5913961737289977,2026-08-06T02:54:52.065883+00:00
HT0676,Lapatinib ditosylate,vMost-DILI-concern,0.7114466647942019,2026-08-06T02:54:52.065883+00:00
HT0678,Larotrectinib sulfate,Ambiguous-DILI-concern,0.6713131981864757,2026-08-06T02:54:52.065883+00:00
HT0679,Lasmiditan succinate,vNo-DILI-concern,0.6375199196440268,2026-08-06T02:54:52.065883+00:00
HT0680,L-Cysteine,Ambiguous-DILI-concern,0.5444640898129748,2026-08-06T02:54:52.065883+00:00
HT0681,Lefamulin acetate,Ambiguous-DILI-concern,0.6035170268976369,2026-08-06T02:54:52.065883+00:00
HT0682,Leflunomide,vMost-DILI-concern,0.6975260266795661,2026-08-06T02:54:52.065883+00:00
HT0683,Lemborexant,vNo-DILI-concern,0.6767453934487406,2026-08-06T02:54:52.065883+00:00
HT0711,Lofexidine hydrochloride,vNo-DILI-concern,0.6371700469322941,2026-08-06T02:54:52.065883+00:00
HT0684,Lenalidomide,vLess-DILI-concern,0.6732953215938602,2026-08-06T02:54:52.065883+00:00
HT0685,Lenvatinib mesylate,Ambiguous-DILI-concern,0.7102193935016836,2026-08-06T02:54:52.065883+00:00
HT0686,Lepirudin,Ambiguous-DILI-concern,0.5101051497606739,2026-08-06T02:54:52.065883+00:00
HT0687,Letermovir,vLess-DILI-concern,0.6656050363697017,2026-08-06T02:54:52.065883+00:00
HT0688,Letrozole,vLess-DILI-concern,0.6779115834395169,2026-08-06T02:54:52.065883+00:00
HT0689,Leucovorin calcium,vNo-DILI-concern,0.5637521670480445,2026-08-06T02:54:52.065883+00:00
HT0690,Leuprolide acetate,vLess-DILI-concern,0.536129462775265,2026-08-06T02:54:52.065883+00:00
HT0691,Levamlodipine maleate,Ambiguous-DILI-concern,0.6671792177584085,2026-08-06T02:54:52.065883+00:00
HT0692,Levetiracetam,vLess-DILI-concern,0.5730605454367387,2026-08-06T02:54:52.065883+00:00
HT0693,Levocarnitine,vNo-DILI-concern,0.5408082274677342,2026-08-06T02:54:52.065883+00:00
HT0694,Levocetirizine dihydrochloride,vLess-DILI-concern,0.5944976266893927,2026-08-06T02:54:52.065883+00:00
HT0695,Levofloxacin,vMost-DILI-concern,0.6626789190511867,2026-08-06T02:54:52.065883+00:00
HT0696,Levoleucovorin,vNo-DILI-concern,0.5637521670480445,2026-08-06T02:54:52.065883+00:00
HT0697,Levomefolate calcium,vNo-DILI-concern,0.5667332383371161,2026-08-06T02:54:52.065883+00:00
HT0698,Levonorgestrel,vNo-DILI-concern,0.6015485331533281,2026-08-06T02:54:52.065883+00:00
HT0699,Levorphanol tartrate,vNo-DILI-concern,0.5808099388512231,2026-08-06T02:54:52.065883+00:00
HT0700,Levothyroxine sodium,vLess-DILI-concern,0.6155591609230522,2026-08-06T02:54:52.065883+00:00
HT0701,L-glutamine,Ambiguous-DILI-concern,0.549431954142485,2026-08-06T02:54:52.065883+00:00
HT0702,Lidocaine,vNo-DILI-concern,0.6177052504262429,2026-08-06T02:54:52.065883+00:00
HT0703,Linaclotide,vNo-DILI-concern,0.5279496999938944,2026-08-06T02:54:52.065883+00:00
HT0704,Linagliptin,vLess-DILI-concern,0.6609895374556094,2026-08-06T02:54:52.065883+00:00
HT0705,Lincomycin hydrochloride,Ambiguous-DILI-concern,0.5527146938113743,2026-08-06T02:54:52.065883+00:00
HT0706,Linezolid,vLess-DILI-concern,0.6327403219966504,2026-08-06T02:54:52.065883+00:00
HT0707,Liothyronine sodium,vNo-DILI-concern,0.6142662128327245,2026-08-06T02:54:52.065883+00:00
HT0708,Liraglutide,vLess-DILI-concern,0.529027297330568,2026-08-06T02:54:52.065883+00:00
HT0709,Lisdexamfetamine dimesylate,Ambiguous-DILI-concern,0.5609017273163479,2026-08-06T02:54:52.065883+00:00
HT0710,Lisinopril,vLess-DILI-concern,0.5601563074103283,2026-08-06T02:54:52.065883+00:00
HT0712,Lomefloxacin hydrochloride,Ambiguous-DILI-concern,0.666111928116419,2026-08-06T02:54:52.065883+00:00
HT0713,Lomitapide mesylate,vMost-DILI-concern,0.6501724666329193,2026-08-06T02:54:52.065883+00:00
HT0714,Lomustine,vLess-DILI-concern,0.6098946866740309,2026-08-06T02:54:52.065883+00:00
HT0715,Lonafarnib,Ambiguous-DILI-concern,0.6532123943332636,2026-08-06T02:54:52.065883+00:00
HT0716,Loperamide hydrochloride,vNo-DILI-concern,0.6237025959061261,2026-08-06T02:54:52.065883+00:00
HT0717,Loracarbef,vLess-DILI-concern,0.6765944705316301,2026-08-06T02:54:52.065883+00:00
HT0718,Loratadine,vNo-DILI-concern,0.689671021768004,2026-08-06T02:54:52.065883+00:00
HT0719,Lorazepam,vLess-DILI-concern,0.6994712794698985,2026-08-06T02:54:52.065883+00:00
HT0720,Lorlatinib,Ambiguous-DILI-concern,0.7003619012021526,2026-08-06T02:54:52.065883+00:00
HT0721,Losartan potassium,vLess-DILI-concern,0.701805016879337,2026-08-06T02:54:52.065883+00:00
HT0722,Lovastatin,vLess-DILI-concern,0.6289001340963257,2026-08-06T02:54:52.065883+00:00
HT0723,Loxapine succinate,Ambiguous-DILI-concern,0.6843258987442165,2026-08-06T02:54:52.065883+00:00
HT0724,Lubiprostone,vNo-DILI-concern,0.5560708182693541,2026-08-06T02:54:52.065883+00:00
HT0726,Lumateperone tosylate,Ambiguous-DILI-concern,0.6206021136515473,2026-08-06T02:54:52.065883+00:00
HT0727,Lumiracoxib,vMost-DILI-concern,0.683728968798859,2026-08-06T02:54:52.065883+00:00
HT0728,Lurasidone hydrochloride,vNo-DILI-concern,0.6822338690519937,2026-08-06T02:54:52.065883+00:00
HT0729,Lurbinectedin,Ambiguous-DILI-concern,0.642153918494186,2026-08-06T02:54:52.065883+00:00
HT0730,Lusutrombopag,vNo-DILI-concern,0.6916513503547467,2026-08-06T02:54:52.065883+00:00
HT0731,Lutetium lu 177 dotatate,Ambiguous-DILI-concern,0.5228894496983825,2026-08-06T02:54:52.065883+00:00
HT0732,Macimorelin acetate,vNo-DILI-concern,0.6246616487278125,2026-08-06T02:54:52.065883+00:00
HT0733,Macitentan,vMost-DILI-concern,0.7018121533856313,2026-08-06T02:54:52.065883+00:00
HT0734,Mannitol,vNo-DILI-concern,0.5299395478821668,2026-08-06T02:54:52.065883+00:00
HT0735,Maprotiline hydrochloride,Ambiguous-DILI-concern,0.6258782981478914,2026-08-06T02:54:52.065883+00:00
HT0736,Maralixibat chloride,Ambiguous-DILI-concern,0.6603317359223939,2026-08-06T02:54:52.065883+00:00
HT0737,Maraviroc,vMost-DILI-concern,0.6244842854586876,2026-08-06T02:54:52.065883+00:00
HT0738,Maribavir,vNo-DILI-concern,0.5997483688453525,2026-08-06T02:54:52.065883+00:00
HT0739,Mebanazine,vMost-DILI-concern,0.6481355998684928,2026-08-06T02:54:52.065883+00:00
HT0768,Methamphetamine hydrochloride,vNo-DILI-concern,0.6029622979043745,2026-08-06T02:54:52.065883+00:00
HT0740,Mebendazole,vLess-DILI-concern,0.6930431342087547,2026-08-06T02:54:52.065883+00:00
HT0741,Mecamylamine hydrochloride,vNo-DILI-concern,0.5675362788865098,2026-08-06T02:54:52.065883+00:00
HT0743,Mechlorethamine hydrochloride,Ambiguous-DILI-concern,0.5472576154111203,2026-08-06T02:54:52.065883+00:00
HT0744,Meclizine hydrochloride,vNo-DILI-concern,0.6407683970009719,2026-08-06T02:54:52.065883+00:00
HT0745,Meclofenamate sodium,Ambiguous-DILI-concern,0.6996736516611555,2026-08-06T02:54:52.065883+00:00
HT0746,Medroxyprogesterone acetate,Ambiguous-DILI-concern,0.6323934482866516,2026-08-06T02:54:52.065883+00:00
HT0747,Mefenamic acid,vMost-DILI-concern,0.6916741036090227,2026-08-06T02:54:52.065883+00:00
HT0748,Mefloquine hydrochloride,vLess-DILI-concern,0.597520095790176,2026-08-06T02:54:52.065883+00:00
HT0749,Megestrol acetate,Ambiguous-DILI-concern,0.645234088875505,2026-08-06T02:54:52.065883+00:00
HT0750,Meloxicam,vLess-DILI-concern,0.7144576239306814,2026-08-06T02:54:52.065883+00:00
HT0751,Melphalan,vLess-DILI-concern,0.5696342268204491,2026-08-06T02:54:52.065883+00:00
HT0752,Memantine hydrochloride,vLess-DILI-concern,0.5745807204028398,2026-08-06T02:54:52.065883+00:00
HT0753,Mepazine,vMost-DILI-concern,0.6542229871515458,2026-08-06T02:54:52.065883+00:00
HT0754,Mepenzolate bromide,vNo-DILI-concern,0.5772214948915976,2026-08-06T02:54:52.065883+00:00
HT0755,Meperidine hydrochloride,vNo-DILI-concern,0.6138439051863545,2026-08-06T02:54:52.065883+00:00
HT0756,Mephenytoin,Ambiguous-DILI-concern,0.6546155595996244,2026-08-06T02:54:52.065883+00:00
HT0757,Mepivacaine hydrochloride,vLess-DILI-concern,0.633468529456014,2026-08-06T02:54:52.065883+00:00
HT0758,Meprobamate,vNo-DILI-concern,0.573845595822579,2026-08-06T02:54:52.065883+00:00
HT0759,Mercaptopurine,vMost-DILI-concern,0.6969238151000997,2026-08-06T02:54:52.065883+00:00
HT0769,Methazolamide,vLess-DILI-concern,0.7052647936695138,2026-08-06T02:54:52.065883+00:00
HT0760,Meropenem,vLess-DILI-concern,0.6266161661500551,2026-08-06T02:54:52.065883+00:00
HT0761,Mesalamine,vLess-DILI-concern,0.654955959825705,2026-08-06T02:54:52.065883+00:00
HT0762,Mesna,Ambiguous-DILI-concern,0.5508819281422049,2026-08-06T02:54:52.065883+00:00
HT0763,Mesoridazine besylate,Ambiguous-DILI-concern,0.6678868351538413,2026-08-06T02:54:52.065883+00:00
HT0764,Metaproterenol sulfate,vNo-DILI-concern,0.5596744736525422,2026-08-06T02:54:52.065883+00:00
HT0765,Metaxalone,vLess-DILI-concern,0.641330881365555,2026-08-06T02:54:52.065883+00:00
HT0766,Metformin hydrochloride,vLess-DILI-concern,0.6129713955485137,2026-08-06T02:54:52.065883+00:00
HT0767,Methadone hydrochloride,Ambiguous-DILI-concern,0.6255150672308021,2026-08-06T02:54:52.065883+00:00
HT0770,Methenamine hippurate,Ambiguous-DILI-concern,0.6195018764132213,2026-08-06T02:54:52.065883+00:00
HT0771,Methimazole,vMost-DILI-concern,0.6820437198241365,2026-08-06T02:54:52.065883+00:00
HT0772,Methionine,vNo-DILI-concern,0.5430008115962867,2026-08-06T02:54:52.065883+00:00
HT0773,Methocarbamol,Ambiguous-DILI-concern,0.6089229525483324,2026-08-06T02:54:52.065883+00:00
HT0774,Methohexital sodium,Ambiguous-DILI-concern,0.6348079198600131,2026-08-06T02:54:52.065883+00:00
HT0775,Methotrexate sodium,vMost-DILI-concern,0.6164281011215627,2026-08-06T02:54:52.065883+00:00
HT0776,Methoxsalen,vLess-DILI-concern,0.6921284010088601,2026-08-06T02:54:52.065883+00:00
HT0777,Methscopolamine bromide,vNo-DILI-concern,0.5411043012147039,2026-08-06T02:54:52.065883+00:00
HT0778,Methsuximide,vNo-DILI-concern,0.6620805938664887,2026-08-06T02:54:52.065883+00:00
HT0779,Methyclothiazide,Ambiguous-DILI-concern,0.6928677217791605,2026-08-06T02:54:52.065883+00:00
HT0790,Metoprolol tartrate,vLess-DILI-concern,0.5633510255804063,2026-08-06T02:54:52.065883+00:00
HT0780,Methyldopa,vMost-DILI-concern,0.5946871446746594,2026-08-06T02:54:52.065883+00:00
HT0781,Methylergonovine maleate,vNo-DILI-concern,0.5847682887988159,2026-08-06T02:54:52.065883+00:00
HT0782,Methylnaltrexone bromide,vNo-DILI-concern,0.5454840360712216,2026-08-06T02:54:52.065883+00:00
HT0783,Methylphenidate hydrochloride,vLess-DILI-concern,0.6190016208392923,2026-08-06T02:54:52.065883+00:00
HT0784,Methylprednisolone,vLess-DILI-concern,0.5968204422833188,2026-08-06T02:54:52.065883+00:00
HT0785,Methyltestosterone,vLess-DILI-concern,0.6079925287760266,2026-08-06T02:54:52.065883+00:00
HT0786,Methysergide maleate,vNo-DILI-concern,0.5893719114201005,2026-08-06T02:54:52.065883+00:00
HT0787,Metoclopramide hydrochloride,vLess-DILI-concern,0.6559506950268253,2026-08-06T02:54:52.065883+00:00
HT0788,Metolazone,Ambiguous-DILI-concern,0.7234220694209405,2026-08-06T02:54:52.065883+00:00
HT0789,Metoprolol succinate,Ambiguous-DILI-concern,0.5633510255804063,2026-08-06T02:54:52.065883+00:00
HT0791,Metronidazole,vLess-DILI-concern,0.6155141397469039,2026-08-06T02:54:52.065883+00:00
HT0792,Metyrapone,vNo-DILI-concern,0.6655264014000994,2026-08-06T02:54:52.065883+00:00
HT0793,Metyrosine,vNo-DILI-concern,0.5983541656194034,2026-08-06T02:54:52.065883+00:00
HT0794,Mexiletine hydrochloride,vMost-DILI-concern,0.6270266712133687,2026-08-06T02:54:52.065883+00:00
HT0795,Micafungin sodium,vMost-DILI-concern,0.6666870383212242,2026-08-06T02:54:52.065883+00:00
HT0796,Midazolam hydrochloride,vNo-DILI-concern,0.7081974453196939,2026-08-06T02:54:52.065883+00:00
HT0797,Midodrine hydrochloride,vNo-DILI-concern,0.5720029005340463,2026-08-06T02:54:52.065883+00:00
HT0798,Midostaurin,Ambiguous-DILI-concern,0.6835198216399476,2026-08-06T02:54:52.065883+00:00
HT0799,Mifepristone,vLess-DILI-concern,0.6715637497844058,2026-08-06T02:54:52.065883+00:00
HT0800,Migalastat hydrochloride,vNo-DILI-concern,0.534387999819021,2026-08-06T02:54:52.065883+00:00
HT0801,Miglitol,vNo-DILI-concern,0.5259716278645471,2026-08-06T02:54:52.065883+00:00
HT0802,Miglustat,vNo-DILI-concern,0.5289860183284792,2026-08-06T02:54:52.065883+00:00
HT0803,Milnacipran hydrochloride,vMost-DILI-concern,0.6205674667388095,2026-08-06T02:54:52.065883+00:00
HT0804,Milrinone lactate,Ambiguous-DILI-concern,0.6932078693445958,2026-08-06T02:54:52.065883+00:00
HT0805,Miltefosine,Ambiguous-DILI-concern,0.5333600435815639,2026-08-06T02:54:52.065883+00:00
HT0806,Minocycline hydrochloride,vMost-DILI-concern,0.6676105763342607,2026-08-06T02:54:52.065883+00:00
HT0807,Minoxidil,vNo-DILI-concern,0.6416047024108495,2026-08-06T02:54:52.065883+00:00
HT0808,Mirabegron,Ambiguous-DILI-concern,0.641128657390057,2026-08-06T02:54:52.065883+00:00
HT0809,Mirtazapine,vLess-DILI-concern,0.6570449154440472,2026-08-06T02:54:52.065883+00:00
HT0810,Misoprostol,Ambiguous-DILI-concern,0.5713324417997407,2026-08-06T02:54:52.065883+00:00
HT0811,Mitomycin,vLess-DILI-concern,0.6327550476722854,2026-08-06T02:54:52.065883+00:00
HT0812,Mitotane,vNo-DILI-concern,0.6566550685564354,2026-08-06T02:54:52.065883+00:00
HT0813,Mitoxantrone hydrochloride,vLess-DILI-concern,0.5740223112435751,2026-08-06T02:54:52.065883+00:00
HT0814,Mivacurium chloride,vNo-DILI-concern,0.5634733042172777,2026-08-06T02:54:52.065883+00:00
HT0815,Mobocertinib succinate,Ambiguous-DILI-concern,0.7027355282233907,2026-08-06T02:54:52.065883+00:00
HT0816,Modafinil,vLess-DILI-concern,0.6623608858265065,2026-08-06T02:54:52.065883+00:00
HT0817,Moexipril hydrochloride,Ambiguous-DILI-concern,0.6407551288050244,2026-08-06T02:54:52.065883+00:00
HT0818,Monomethyl fumarate,Ambiguous-DILI-concern,0.602604931024144,2026-08-06T02:54:52.065883+00:00
HT0873,Norethindrone,Ambiguous-DILI-concern,0.6128012450017748,2026-08-06T02:54:52.065883+00:00
HT0819,Montelukast sodium,vLess-DILI-concern,0.679059351669349,2026-08-06T02:54:52.065883+00:00
HT0820,Moricizine hydrochloride,Ambiguous-DILI-concern,0.6687940489186235,2026-08-06T02:54:52.065883+00:00
HT0821,Morphine sulfate,vNo-DILI-concern,0.5983939161886127,2026-08-06T02:54:52.065883+00:00
HT0822,Moxidectin,Ambiguous-DILI-concern,0.6556575017978243,2026-08-06T02:54:52.065883+00:00
HT0823,Moxifloxacin hydrochloride,vLess-DILI-concern,0.6712964702116198,2026-08-06T02:54:52.065883+00:00
HT0824,Moxisylyte,vMost-DILI-concern,0.6188305832845369,2026-08-06T02:54:52.065883+00:00
HT0826,Mycophenolate mofetil,vLess-DILI-concern,0.6106804524550676,2026-08-06T02:54:52.065883+00:00
HT0827,Mycophenolic sodium,Ambiguous-DILI-concern,0.6319319858903055,2026-08-06T02:54:52.065883+00:00
HT0828,Nabilone,vNo-DILI-concern,0.5884322542628783,2026-08-06T02:54:52.065883+00:00
HT0829,Nabumetone,Ambiguous-DILI-concern,0.6607543757264823,2026-08-06T02:54:52.065883+00:00
HT0830,Nadolol,Ambiguous-DILI-concern,0.5632271429070431,2026-08-06T02:54:52.065883+00:00
HT0831,Nafcillin sodium,vLess-DILI-concern,0.7080274700898185,2026-08-06T02:54:52.065883+00:00
HT0832,Nalbuphine hydrochloride,vNo-DILI-concern,0.5491929628149496,2026-08-06T02:54:52.065883+00:00
HT0833,Naldemedine tosylate,vNo-DILI-concern,0.643294424054739,2026-08-06T02:54:52.065883+00:00
HT0834,Nalidixic acid,Ambiguous-DILI-concern,0.6816177696074492,2026-08-06T02:54:52.065883+00:00
HT0835,Nalmefene hydrochloride,Ambiguous-DILI-concern,0.567925784303871,2026-08-06T02:54:52.065883+00:00
HT0836,Naloxegol oxalate,vNo-DILI-concern,0.5339998953505902,2026-08-06T02:54:52.065883+00:00
HT0837,Naloxone hydrochloride,vNo-DILI-concern,0.5644407911833039,2026-08-06T02:54:52.065883+00:00
HT0838,Naltrexone hydrochloride,Ambiguous-DILI-concern,0.5527101355402901,2026-08-06T02:54:52.065883+00:00
HT0839,Nandrolone phenpropionate,vMost-DILI-concern,0.6599536744869122,2026-08-06T02:54:52.065883+00:00
HT0840,Naproxen,vLess-DILI-concern,0.6618907114653211,2026-08-06T02:54:52.065883+00:00
HT0841,Naratriptan hydrochloride,Ambiguous-DILI-concern,0.6318139798650707,2026-08-06T02:54:52.065883+00:00
HT0843,Nateglinide,Ambiguous-DILI-concern,0.5711409419948067,2026-08-06T02:54:52.065883+00:00
HT0844,Nebivolol hydrochloride,Ambiguous-DILI-concern,0.5697561226288709,2026-08-06T02:54:52.065883+00:00
HT0845,Nefazodone hydrochloride,vMost-DILI-concern,0.6750528109494013,2026-08-06T02:54:52.065883+00:00
HT0846,Nelarabine,vLess-DILI-concern,0.5891724826173893,2026-08-06T02:54:52.065883+00:00
HT0874,Norethindrone acetate,vNo-DILI-concern,0.6352553729858016,2026-08-06T02:54:52.065883+00:00
HT0847,Nelfinavir mesylate,vLess-DILI-concern,0.610708700988906,2026-08-06T02:54:52.065883+00:00
HT0848,Neomycin sulfate,vNo-DILI-concern,0.5312131539114794,2026-08-06T02:54:52.065883+00:00
HT0849,Neratinib maleate,Ambiguous-DILI-concern,0.699660899882182,2026-08-06T02:54:52.065883+00:00
HT0850,Nesiritide,vNo-DILI-concern,0.515274992844228,2026-08-06T02:54:52.065883+00:00
HT0851,Nevirapine,vMost-DILI-concern,0.6989536525102006,2026-08-06T02:54:52.065883+00:00
HT0852,Niacin,vMost-DILI-concern,0.6699193224706056,2026-08-06T02:54:52.065883+00:00
HT0853,Nialamide,vMost-DILI-concern,0.6570090948344469,2026-08-06T02:54:52.065883+00:00
HT0854,Nicardipine hydrochloride,Ambiguous-DILI-concern,0.6830778598486875,2026-08-06T02:54:52.065883+00:00
HT0855,Nifedipine,vLess-DILI-concern,0.7015860039019696,2026-08-06T02:54:52.065883+00:00
HT0856,Nifurtimox,vNo-DILI-concern,0.6477741593806347,2026-08-06T02:54:52.065883+00:00
HT0857,Nilotinib hydrochloride,vMost-DILI-concern,0.7156569199721441,2026-08-06T02:54:52.065883+00:00
HT0858,Nilutamide,vMost-DILI-concern,0.6811111933342955,2026-08-06T02:54:52.065883+00:00
HT0859,Nimesulide,vMost-DILI-concern,0.7021172641432709,2026-08-06T02:54:52.065883+00:00
HT0860,Nimodipine,Ambiguous-DILI-concern,0.6677635139111016,2026-08-06T02:54:52.065883+00:00
HT0861,Nintedanib esylate,vMost-DILI-concern,0.6728666812665054,2026-08-06T02:54:52.065883+00:00
HT0862,Niperotidine,vMost-DILI-concern,0.6679948489053893,2026-08-06T02:54:52.065883+00:00
HT0875,Norfloxacin,vLess-DILI-concern,0.6713189649909063,2026-08-06T02:54:52.065883+00:00
HT0863,Niraparib tosylate,Ambiguous-DILI-concern,0.6802039857643708,2026-08-06T02:54:52.065883+00:00
HT0864,Nisoldipine,Ambiguous-DILI-concern,0.684300646421638,2026-08-06T02:54:52.065883+00:00
HT0865,Nitazoxanide,vNo-DILI-concern,0.7143019161561733,2026-08-06T02:54:52.065883+00:00
HT0866,Nitisinone,Ambiguous-DILI-concern,0.6470105014554589,2026-08-06T02:54:52.065883+00:00
HT0867,Nitrefazole,vMost-DILI-concern,0.6928930915704516,2026-08-06T02:54:52.065883+00:00
HT0868,Nitrofurantoin,vMost-DILI-concern,0.6689935484904332,2026-08-06T02:54:52.065883+00:00
HT0869,Nitroglycerin,vNo-DILI-concern,0.5729444138541124,2026-08-06T02:54:52.065883+00:00
HT0870,Nizatidine,vLess-DILI-concern,0.656852015686732,2026-08-06T02:54:52.065883+00:00
HT0871,Nomifensine,vMost-DILI-concern,0.6708120990183726,2026-08-06T02:54:52.065883+00:00
HT0872,Norepinephrine bitartrate,vNo-DILI-concern,0.5675336976467295,2026-08-06T02:54:52.065883+00:00
HT0876,Nortriptyline hydrochloride,vMost-DILI-concern,0.6661039853744862,2026-08-06T02:54:52.065883+00:00
HT0878,Nystatin,vNo-DILI-concern,0.608326713948861,2026-08-06T02:54:52.065883+00:00
HT0879,Obeticholic acid,vMost-DILI-concern,0.5633834893946167,2026-08-06T02:54:52.065883+00:00
HT0880,Octreotide acetate,vLess-DILI-concern,0.5363768225065348,2026-08-06T02:54:52.065883+00:00
HT0881,Odevixibat,Ambiguous-DILI-concern,0.650213221718823,2026-08-06T02:54:52.065883+00:00
HT0883,Ofloxacin,vLess-DILI-concern,0.6626789190511867,2026-08-06T02:54:52.065883+00:00
HT0884,Olanzapine,vLess-DILI-concern,0.6894938750079357,2026-08-06T02:54:52.065883+00:00
HT0885,Olaparib,vLess-DILI-concern,0.6836886512235301,2026-08-06T02:54:52.065883+00:00
HT0886,Oliceridine,Ambiguous-DILI-concern,0.6420264308550271,2026-08-06T02:54:52.065883+00:00
HT0887,Olmesartan medoxomil,vLess-DILI-concern,0.7102700665252134,2026-08-06T02:54:52.065883+00:00
HT0888,Olsalazine sodium,vLess-DILI-concern,0.6739317209513697,2026-08-06T02:54:52.065883+00:00
HT0889,Omacetaxine mepesuccinate,Ambiguous-DILI-concern,0.6104448275685113,2026-08-06T02:54:52.065883+00:00
HT0890,Omadacycline tosylate,Ambiguous-DILI-concern,0.6551994533544768,2026-08-06T02:54:52.065883+00:00
HT0892,Omeprazole,vLess-DILI-concern,0.71032428876899,2026-08-06T02:54:52.065883+00:00
HT0893,Ondansetron hydrochloride,vLess-DILI-concern,0.6731053603272733,2026-08-06T02:54:52.065883+00:00
HT0894,Opicapone,vNo-DILI-concern,0.6947577399243925,2026-08-06T02:54:52.065883+00:00
HT0896,Oritavancin diphosphate,Ambiguous-DILI-concern,0.632667750748186,2026-08-06T02:54:52.065883+00:00
HT0897,Orlistat,vMost-DILI-concern,0.5712082231043686,2026-08-06T02:54:52.065883+00:00
HT0898,Orphenadrine hydrochloride,vNo-DILI-concern,0.6084514634819641,2026-08-06T02:54:52.065883+00:00
HT0899,Oseltamivir phosphate,vLess-DILI-concern,0.6058937773914137,2026-08-06T02:54:52.065883+00:00
HT0900,Osilodrostat phosphate,Ambiguous-DILI-concern,0.6516470009098498,2026-08-06T02:54:52.065883+00:00
HT0901,Osimertinib mesylate,vLess-DILI-concern,0.7073142474365156,2026-08-06T02:54:52.065883+00:00
HT0902,Ospemifene,vNo-DILI-concern,0.6323935107087997,2026-08-06T02:54:52.065883+00:00
HT0903,Oxacillin sodium,vLess-DILI-concern,0.7218043631818666,2026-08-06T02:54:52.065883+00:00
HT0904,Oxaliplatin,vMost-DILI-concern,0.5547371935155108,2026-08-06T02:54:52.065883+00:00
HT0905,Oxandrolone,vMost-DILI-concern,0.5895540708727834,2026-08-06T02:54:52.065883+00:00
HT0906,Oxaprozin,vLess-DILI-concern,0.6565618524646308,2026-08-06T02:54:52.065883+00:00
HT0907,Oxazepam,Ambiguous-DILI-concern,0.6965876489163159,2026-08-06T02:54:52.065883+00:00
HT0908,Oxcarbazepine,vLess-DILI-concern,0.686693165264442,2026-08-06T02:54:52.065883+00:00
HT0909,Oxybutynin chloride,vLess-DILI-concern,0.5832715917055961,2026-08-06T02:54:52.065883+00:00
HT0910,Oxycodone hydrochloride,vLess-DILI-concern,0.5852786424136704,2026-08-06T02:54:52.065883+00:00
HT0911,Oxymetholone,vMost-DILI-concern,0.6125775812565528,2026-08-06T02:54:52.065883+00:00
HT0912,Oxymorphone hydrochloride,vNo-DILI-concern,0.5656139086725362,2026-08-06T02:54:52.065883+00:00
HT0913,Oxyphenisatin,vMost-DILI-concern,0.6865933304382134,2026-08-06T02:54:52.065883+00:00
HT0914,Oxytetracycline,Ambiguous-DILI-concern,0.6638185599397625,2026-08-06T02:54:52.065883+00:00
HT0915,Oxytocin,vNo-DILI-concern,0.5319041425980939,2026-08-06T02:54:52.065883+00:00
HT0916,Ozanimod hydrochloride,Ambiguous-DILI-concern,0.6437793117977767,2026-08-06T02:54:52.065883+00:00
HT0917,Paclitaxel,vLess-DILI-concern,0.6904491292929551,2026-08-06T02:54:52.065883+00:00
HT0918,Pafolacianine sodium,vNo-DILI-concern,0.6199264250549722,2026-08-06T02:54:52.065883+00:00
HT0932,Papaverine hydrochloride,vMost-DILI-concern,0.6741765856633566,2026-08-06T02:54:52.065883+00:00
HT0920,Palbociclib,vLess-DILI-concern,0.6842265073608068,2026-08-06T02:54:52.065883+00:00
HT0922,Paliperidone,vLess-DILI-concern,0.6407001376669214,2026-08-06T02:54:52.065883+00:00
HT0924,Palonosetron hydrochloride,Ambiguous-DILI-concern,0.6375398376523198,2026-08-06T02:54:52.065883+00:00
HT0925,Pamabrom,vNo-DILI-concern,0.6663430823103308,2026-08-06T02:54:52.065883+00:00
HT0926,Pamidronate disodium,Ambiguous-DILI-concern,0.5325367767540558,2026-08-06T02:54:52.065883+00:00
HT0928,Pancuronium bromide,vNo-DILI-concern,0.5429824765829584,2026-08-06T02:54:52.065883+00:00
HT0930,Panobinostat lactate,Ambiguous-DILI-concern,0.6697854950667277,2026-08-06T02:54:52.065883+00:00
HT0931,Pantoprazole sodium,vLess-DILI-concern,0.6987215176722201,2026-08-06T02:54:52.065883+00:00
HT0933,Paricalcitol,Ambiguous-DILI-concern,0.5875625761992594,2026-08-06T02:54:52.065883+00:00
HT0934,Paromomycin sulfate,vNo-DILI-concern,0.530635191278178,2026-08-06T02:54:52.065883+00:00
HT0935,Paroxetine hydrochloride,vLess-DILI-concern,0.6546250302324202,2026-08-06T02:54:52.065883+00:00
HT0936,Pasireotide diaspartate,Ambiguous-DILI-concern,0.5784644199951061,2026-08-06T02:54:52.065883+00:00
HT0939,Pazopanib hydrochloride,vMost-DILI-concern,0.7271071446434806,2026-08-06T02:54:52.065883+00:00
HT0947,Pemetrexed disodium,Ambiguous-DILI-concern,0.6051612946545114,2026-08-06T02:54:52.065883+00:00
HT0948,Pemigatinib,Ambiguous-DILI-concern,0.6644196582871728,2026-08-06T02:54:52.065883+00:00
HT0949,Pemoline,vMost-DILI-concern,0.675988098063336,2026-08-06T02:54:52.065883+00:00
HT0950,Penbutolol sulfate,vNo-DILI-concern,0.5661332063575517,2026-08-06T02:54:52.065883+00:00
HT0951,Penicillamine,vLess-DILI-concern,0.5585731819158221,2026-08-06T02:54:52.065883+00:00
HT0952,Penicillin g benzathine,vLess-DILI-concern,0.6826487723674686,2026-08-06T02:54:52.065883+00:00
HT0953,Penicillin v potassium,vNo-DILI-concern,0.6786280664028329,2026-08-06T02:54:52.065883+00:00
HT0954,Pentagastrin,vNo-DILI-concern,0.557087209448855,2026-08-06T02:54:52.065883+00:00
HT0955,Pentamidine isethionate,vLess-DILI-concern,0.6150478833507806,2026-08-06T02:54:52.065883+00:00
HT0986,Pipamazine,vMost-DILI-concern,0.6648493664596548,2026-08-06T02:54:52.065883+00:00
HT0956,Pentazocine lactate,vNo-DILI-concern,0.597022767708266,2026-08-06T02:54:52.065883+00:00
HT0957,Pentetate calcium trisodium yb-169,vNo-DILI-concern,0.544951199031017,2026-08-06T02:54:52.065883+00:00
HT0958,Pentobarbital sodium,Ambiguous-DILI-concern,0.6065013956128434,2026-08-06T02:54:52.065883+00:00
HT0959,Pentosan polysulfate sodium,Ambiguous-DILI-concern,0.58363683310562,2026-08-06T02:54:52.065883+00:00
HT0960,Pentostatin,vMost-DILI-concern,0.5737720281433076,2026-08-06T02:54:52.065883+00:00
HT0961,Pentoxifylline,Ambiguous-DILI-concern,0.6091238002608316,2026-08-06T02:54:52.065883+00:00
HT0962,Peramivir,Ambiguous-DILI-concern,0.5666678317381849,2026-08-06T02:54:52.065883+00:00
HT0963,Perampanel,vNo-DILI-concern,0.6932276464309209,2026-08-06T02:54:52.065883+00:00
HT0964,Perflutren,vNo-DILI-concern,0.5571037948715741,2026-08-06T02:54:52.065883+00:00
HT0965,Pergolide mesylate,Ambiguous-DILI-concern,0.602443865286991,2026-08-06T02:54:52.065883+00:00
HT0967,Perindopril erbumine,Ambiguous-DILI-concern,0.5865747890065115,2026-08-06T02:54:52.065883+00:00
HT0968,Perphenazine,vLess-DILI-concern,0.6300939694938573,2026-08-06T02:54:52.065883+00:00
HT0969,Pexidartinib hydrochloride,vMost-DILI-concern,0.6840940044408955,2026-08-06T02:54:52.065883+00:00
HT0970,Phendimetrazine tartrate,vNo-DILI-concern,0.6062502687759399,2026-08-06T02:54:52.065883+00:00
HT0971,Phenelzine sulfate,vLess-DILI-concern,0.6364741112466193,2026-08-06T02:54:52.065883+00:00
HT0972,Phenobarbital sodium,vLess-DILI-concern,0.6617754868359395,2026-08-06T02:54:52.065883+00:00
HT0973,Phenoxybenzamine hydrochloride,vNo-DILI-concern,0.6114954982607694,2026-08-06T02:54:52.065883+00:00
HT0974,Phenoxypropazine,vMost-DILI-concern,0.6236310867660158,2026-08-06T02:54:52.065883+00:00
HT0976,Phentolamine mesylate,vNo-DILI-concern,0.638436608780783,2026-08-06T02:54:52.065883+00:00
HT1006,Pralidoxime chloride,Ambiguous-DILI-concern,0.6661678630535022,2026-08-06T02:54:52.065883+00:00
HT0977,Phenytoin,vMost-DILI-concern,0.6867235321118778,2026-08-06T02:54:52.065883+00:00
HT0978,Physostigmine salicylate,vNo-DILI-concern,0.643917788276056,2026-08-06T02:54:52.065883+00:00
HT0979,Phytonadione,vNo-DILI-concern,0.616422228387705,2026-08-06T02:54:52.065883+00:00
HT0980,Piflufolastat f-18,vNo-DILI-concern,0.559999884271642,2026-08-06T02:54:52.065883+00:00
HT0981,Pilocarpine,Ambiguous-DILI-concern,0.6221501634178153,2026-08-06T02:54:52.065883+00:00
HT0982,Pimavanserin tartrate,vNo-DILI-concern,0.6152921715850986,2026-08-06T02:54:52.065883+00:00
HT0983,Pimozide,vNo-DILI-concern,0.6190019374699546,2026-08-06T02:54:52.065883+00:00
HT0984,Pindolol,vNo-DILI-concern,0.5773174242195164,2026-08-06T02:54:52.065883+00:00
HT0985,Pioglitazone hydrochloride,vLess-DILI-concern,0.6817096958852474,2026-08-06T02:54:52.065883+00:00
HT0987,Piperacillin sodium,Ambiguous-DILI-concern,0.6851790028530284,2026-08-06T02:54:52.065883+00:00
HT0988,Pirfenidone,vMost-DILI-concern,0.6943264480717944,2026-08-06T02:54:52.065883+00:00
HT0989,Piroxicam,vLess-DILI-concern,0.7114045853868325,2026-08-06T02:54:52.065883+00:00
HT0990,Pirprofen,vMost-DILI-concern,0.652749103291762,2026-08-06T02:54:52.065883+00:00
HT0991,Pitavastatin calcium,Ambiguous-DILI-concern,0.6579375119722339,2026-08-06T02:54:52.065883+00:00
HT0992,Pitolisant hydrochloride,vNo-DILI-concern,0.600672133449926,2026-08-06T02:54:52.065883+00:00
HT0993,Plazomicin sulfate,Ambiguous-DILI-concern,0.5519956502909753,2026-08-06T02:54:52.065883+00:00
HT0994,Plecanatide,Ambiguous-DILI-concern,0.5274114722751266,2026-08-06T02:54:52.065883+00:00
HT0995,Plerixafor,vNo-DILI-concern,0.562083910206088,2026-08-06T02:54:52.065883+00:00
HT0996,Polidocanol,vNo-DILI-concern,0.5334633499674946,2026-08-06T02:54:52.065883+00:00
HT0999,Polythiazide,Ambiguous-DILI-concern,0.6874051990947236,2026-08-06T02:54:52.065883+00:00
HT1000,Pomalidomide,vMost-DILI-concern,0.6795167045090221,2026-08-06T02:54:52.065883+00:00
HT1001,Ponatinib hydrochloride,Ambiguous-DILI-concern,0.6856461216950452,2026-08-06T02:54:52.065883+00:00
HT1002,Ponesimod,Ambiguous-DILI-concern,0.6659649621842839,2026-08-06T02:54:52.065883+00:00
HT1004,Posaconazole,vMost-DILI-concern,0.6562912980747311,2026-08-06T02:54:52.065883+00:00
HT1005,Pralatrexate,Ambiguous-DILI-concern,0.5970466375634911,2026-08-06T02:54:52.065883+00:00
HT1007,Pralnacasan,vMost-DILI-concern,0.6854576132733563,2026-08-06T02:54:52.065883+00:00
HT1008,Pralsetinib,Ambiguous-DILI-concern,0.6683453499118851,2026-08-06T02:54:52.065883+00:00
HT1009,Pramipexole dihydrochloride,Ambiguous-DILI-concern,0.6269001495345501,2026-08-06T02:54:52.065883+00:00
HT1010,Pramlintide acetate,vNo-DILI-concern,0.5132486880538535,2026-08-06T02:54:52.065883+00:00
HT1011,Prasugrel hydrochloride,vLess-DILI-concern,0.6695908113353569,2026-08-06T02:54:52.065883+00:00
HT1012,Pravastatin sodium,vLess-DILI-concern,0.5853254705445858,2026-08-06T02:54:52.065883+00:00
HT1013,Praziquantel,Ambiguous-DILI-concern,0.619500737118667,2026-08-06T02:54:52.065883+00:00
HT1014,Prazosin hydrochloride,Ambiguous-DILI-concern,0.6750537140890703,2026-08-06T02:54:52.065883+00:00
HT1015,Prednisolone,vLess-DILI-concern,0.5861431655810414,2026-08-06T02:54:52.065883+00:00
HT1016,Prednisone,vLess-DILI-concern,0.6024135531223814,2026-08-06T02:54:52.065883+00:00
HT1017,Pregabalin,vLess-DILI-concern,0.5447017450707391,2026-08-06T02:54:52.065883+00:00
HT1018,Pretomanid,Ambiguous-DILI-concern,0.6429819330357115,2026-08-06T02:54:52.065883+00:00
HT1019,Primaquine phosphate,vNo-DILI-concern,0.6283547023831899,2026-08-06T02:54:52.065883+00:00
HT1020,Primidone,vNo-DILI-concern,0.653803321324122,2026-08-06T02:54:52.065883+00:00
HT1021,Probenecid,Ambiguous-DILI-concern,0.6500991141669806,2026-08-06T02:54:52.065883+00:00
HT1022,Procainamide hydrochloride,vLess-DILI-concern,0.6218104847040803,2026-08-06T02:54:52.065883+00:00
HT1023,Procarbazine hydrochloride,vLess-DILI-concern,0.631428893231046,2026-08-06T02:54:52.065883+00:00
HT1024,Prochlorperazine maleate,vLess-DILI-concern,0.6768418575233321,2026-08-06T02:54:52.065883+00:00
HT1025,Procyclidine hydrochloride,vNo-DILI-concern,0.5511510353563491,2026-08-06T02:54:52.065883+00:00
HT1026,Progesterone,vLess-DILI-concern,0.6238119289244399,2026-08-06T02:54:52.065883+00:00
HT1027,Promethazine hydrochloride,vLess-DILI-concern,0.6735808555237955,2026-08-06T02:54:52.065883+00:00
HT1028,Propafenone hydrochloride,vLess-DILI-concern,0.5954827295690092,2026-08-06T02:54:52.065883+00:00
HT1029,Propantheline bromide,vNo-DILI-concern,0.5844194305126501,2026-08-06T02:54:52.065883+00:00
HT1030,Propofol,vLess-DILI-concern,0.60395348936888,2026-08-06T02:54:52.065883+00:00
HT1031,Propoxyphene hydrochloride,vLess-DILI-concern,0.6311190112589392,2026-08-06T02:54:52.065883+00:00
HT1032,Propranolol hydrochloride,Ambiguous-DILI-concern,0.5947694566842258,2026-08-06T02:54:52.065883+00:00
HT1033,Propylthiouracil,vMost-DILI-concern,0.6663765128440619,2026-08-06T02:54:52.065883+00:00
HT1035,Protirelin,vNo-DILI-concern,0.5562947931980137,2026-08-06T02:54:52.065883+00:00
HT1036,Protriptyline hydrochloride,vNo-DILI-concern,0.6373834592856105,2026-08-06T02:54:52.065883+00:00
HT1037,Prucalopride succinate,vNo-DILI-concern,0.630839078646272,2026-08-06T02:54:52.065883+00:00
HT1038,Pseudoephedrine hydrochloride,vNo-DILI-concern,0.587981216041563,2026-08-06T02:54:52.065883+00:00
HT1039,Pyrantel pamoate,vNo-DILI-concern,0.6561243083403439,2026-08-06T02:54:52.065883+00:00
HT1040,Pyrazinamide,vLess-DILI-concern,0.6814923168496346,2026-08-06T02:54:52.065883+00:00
HT1041,Pyridostigmine bromide,vLess-DILI-concern,0.6665614052099958,2026-08-06T02:54:52.065883+00:00
HT1042,Pyridoxine hydrochloride,vNo-DILI-concern,0.5853051904924603,2026-08-06T02:54:52.065883+00:00
HT1043,Pyrimethamine,vLess-DILI-concern,0.6983971723791313,2026-08-06T02:54:52.065883+00:00
HT1044,Quazepam,vNo-DILI-concern,0.6942353533394853,2026-08-06T02:54:52.065883+00:00
HT1105,Sapropterin dihydrochloride,vNo-DILI-concern,0.5710879307835475,2026-08-06T02:54:52.065883+00:00
HT1045,Quetiapine fumarate,vLess-DILI-concern,0.6259944191270017,2026-08-06T02:54:52.065883+00:00
HT1046,Quinapril hydrochloride,vLess-DILI-concern,0.6394302376426797,2026-08-06T02:54:52.065883+00:00
HT1047,Quinidine gluconate,vLess-DILI-concern,0.6266085225380846,2026-08-06T02:54:52.065883+00:00
HT1048,Quinine sulfate,vLess-DILI-concern,0.6266085225380846,2026-08-06T02:54:52.065883+00:00
HT1049,Rabeprazole sodium,vLess-DILI-concern,0.6984075792356554,2026-08-06T02:54:52.065883+00:00
HT1050,Radium ra-223 dichloride,vNo-DILI-concern,0.5715818275461424,2026-08-06T02:54:52.065883+00:00
HT1051,Raloxifene hydrochloride,vLess-DILI-concern,0.6464744748714243,2026-08-06T02:54:52.065883+00:00
HT1052,Raltegravir potassium,vMost-DILI-concern,0.6753819975679619,2026-08-06T02:54:52.065883+00:00
HT1053,Ramelteon,vNo-DILI-concern,0.5933799486214277,2026-08-06T02:54:52.065883+00:00
HT1054,Ramipril,vLess-DILI-concern,0.6206886834078442,2026-08-06T02:54:52.065883+00:00
HT1055,Ranitidine hydrochloride,vLess-DILI-concern,0.6332460526284308,2026-08-06T02:54:52.065883+00:00
HT1056,Ranolazine,vNo-DILI-concern,0.6147742854304779,2026-08-06T02:54:52.065883+00:00
HT1057,Rasagiline mesylate,Ambiguous-DILI-concern,0.6121675123073428,2026-08-06T02:54:52.065883+00:00
HT1059,Regadenoson,vNo-DILI-concern,0.607107958620442,2026-08-06T02:54:52.065883+00:00
HT1060,Regorafenib,vMost-DILI-concern,0.697803474649271,2026-08-06T02:54:52.065883+00:00
HT1061,Relugolix,Ambiguous-DILI-concern,0.7157513113136307,2026-08-06T02:54:52.065883+00:00
HT1062,Remdesivir,vLess-DILI-concern,0.6363981672736636,2026-08-06T02:54:52.065883+00:00
HT1063,Remifentanil hydrochloride,vLess-DILI-concern,0.6089505542477702,2026-08-06T02:54:52.065883+00:00
HT1064,Remimazolam besylate,vNo-DILI-concern,0.6901980135608402,2026-08-06T02:54:52.065883+00:00
HT1065,Repaglinide,vLess-DILI-concern,0.6293075673843879,2026-08-06T02:54:52.065883+00:00
HT1066,Reserpine,vNo-DILI-concern,0.6159933742480518,2026-08-06T02:54:52.065883+00:00
HT1068,Ribavirin,vLess-DILI-concern,0.5837681979490656,2026-08-06T02:54:52.065883+00:00
HT1069,Ribociclib succinate,vMost-DILI-concern,0.6675658461870712,2026-08-06T02:54:52.065883+00:00
HT1070,Riboflavin 5'-phosphate,vNo-DILI-concern,0.5736148459125345,2026-08-06T02:54:52.065883+00:00
HT1071,Rifabutin,vLess-DILI-concern,0.6227440234350389,2026-08-06T02:54:52.065883+00:00
HT1072,Rifampin,vMost-DILI-concern,0.6661126447501541,2026-08-06T02:54:52.065883+00:00
HT1073,Rifamycin sodium,vNo-DILI-concern,0.6528756482500825,2026-08-06T02:54:52.065883+00:00
HT1074,Rifapentine,Ambiguous-DILI-concern,0.6633909574515781,2026-08-06T02:54:52.065883+00:00
HT1075,Rifaximin,Ambiguous-DILI-concern,0.663964875407349,2026-08-06T02:54:52.065883+00:00
HT1077,Rilpivirine hydrochloride,vLess-DILI-concern,0.6964427050363098,2026-08-06T02:54:52.065883+00:00
HT1078,Riluzole,vMost-DILI-concern,0.679617332428006,2026-08-06T02:54:52.065883+00:00
HT1079,Rimantadine hydrochloride,vNo-DILI-concern,0.5607232271355077,2026-08-06T02:54:52.065883+00:00
HT1080,Rimegepant sulfate,vNo-DILI-concern,0.643709807942518,2026-08-06T02:54:52.065883+00:00
HT1081,Riociguat,vNo-DILI-concern,0.7069199720620369,2026-08-06T02:54:52.065883+00:00
HT1082,Ripretinib,Ambiguous-DILI-concern,0.6958769543154295,2026-08-06T02:54:52.065883+00:00
HT1083,Risdiplam,vNo-DILI-concern,0.6901786069266345,2026-08-06T02:54:52.065883+00:00
HT1084,Risedronate sodium,Ambiguous-DILI-concern,0.5720961672406498,2026-08-06T02:54:52.065883+00:00
HT1085,Risperidone,vLess-DILI-concern,0.6596302920855455,2026-08-06T02:54:52.065883+00:00
HT1095,Ropinirole hydrochloride,vLess-DILI-concern,0.6122635584772056,2026-08-06T02:54:52.065883+00:00
HT1086,Ritonavir,vMost-DILI-concern,0.6193524488145343,2026-08-06T02:54:52.065883+00:00
HT1087,Rivaroxaban,vLess-DILI-concern,0.6806302602391172,2026-08-06T02:54:52.065883+00:00
HT1088,Rivastigmine tartrate,vLess-DILI-concern,0.6386231764224687,2026-08-06T02:54:52.065883+00:00
HT1089,Rizatriptan benzoate,vLess-DILI-concern,0.6495587788602627,2026-08-06T02:54:52.065883+00:00
HT1090,Rocuronium bromide,vNo-DILI-concern,0.5357619962865325,2026-08-06T02:54:52.065883+00:00
HT1091,Roflumilast,vNo-DILI-concern,0.6450181330491194,2026-08-06T02:54:52.065883+00:00
HT1092,Rolapitant hydrochloride,vNo-DILI-concern,0.573412569981871,2026-08-06T02:54:52.065883+00:00
HT1093,Romidepsin,vNo-DILI-concern,0.5897206786983676,2026-08-06T02:54:52.065883+00:00
HT1096,Rosiglitazone maleate,vLess-DILI-concern,0.6747641715546846,2026-08-06T02:54:52.065883+00:00
HT1097,Rosuvastatin calcium,vLess-DILI-concern,0.6959563538583715,2026-08-06T02:54:52.065883+00:00
HT1098,Rubidium chloride rb-82,vNo-DILI-concern,0.5640606578219116,2026-08-06T02:54:52.065883+00:00
HT1099,Rucaparib camsylate,Ambiguous-DILI-concern,0.6701070817707043,2026-08-06T02:54:52.065883+00:00
HT1100,Rufinamide,Ambiguous-DILI-concern,0.6886093619467604,2026-08-06T02:54:52.065883+00:00
HT1101,Ruxolitinib phosphate,Ambiguous-DILI-concern,0.6543899887461575,2026-08-06T02:54:52.065883+00:00
HT1103,Safinamide mesylate,vNo-DILI-concern,0.6217450858177738,2026-08-06T02:54:52.065883+00:00
HT1104,Salsalate,vLess-DILI-concern,0.6734789866726778,2026-08-06T02:54:52.065883+00:00
HT1106,Saquinavir mesylate,vLess-DILI-concern,0.5883645792580677,2026-08-06T02:54:52.065883+00:00
HT1107,Sarecycline hydrochloride,vNo-DILI-concern,0.6460998371233606,2026-08-06T02:54:52.065883+00:00
HT1109,Saxagliptin hydrochloride,vLess-DILI-concern,0.5701326943873519,2026-08-06T02:54:52.065883+00:00
HT1110,Scopolamine,vNo-DILI-concern,0.5492280523452433,2026-08-06T02:54:52.065883+00:00
HT1111,Secnidazole,Ambiguous-DILI-concern,0.6224865041630221,2026-08-06T02:54:52.065883+00:00
HT1112,Secobarbital sodium,Ambiguous-DILI-concern,0.6351460931562514,2026-08-06T02:54:52.065883+00:00
HT1114,Selegiline hydrochloride,vNo-DILI-concern,0.5867875831368367,2026-08-06T02:54:52.065883+00:00
HT1115,Selenious acid,Ambiguous-DILI-concern,0.5521743222794493,2026-08-06T02:54:52.065883+00:00
HT1116,Selexipag,vNo-DILI-concern,0.6429073666721515,2026-08-06T02:54:52.065883+00:00
HT1117,Selinexor,Ambiguous-DILI-concern,0.6879631769719365,2026-08-06T02:54:52.065883+00:00
HT1118,Selpercatinib,Ambiguous-DILI-concern,0.6770212755195767,2026-08-06T02:54:52.065883+00:00
HT1119,Selumetinib sulfate,Ambiguous-DILI-concern,0.6796165723726847,2026-08-06T02:54:52.065883+00:00
HT1120,Semaglutide,vLess-DILI-concern,0.52911865163507,2026-08-06T02:54:52.065883+00:00
HT1121,Sertraline hydrochloride,vLess-DILI-concern,0.6757383505794783,2026-08-06T02:54:52.065883+00:00
HT1122,Setmelanotide acetate,vNo-DILI-concern,0.5684068692110859,2026-08-06T02:54:52.065883+00:00
HT1124,Sibutramine hydrochloride,vLess-DILI-concern,0.6150283975458374,2026-08-06T02:54:52.065883+00:00
HT1125,Sildenafil citrate,vLess-DILI-concern,0.7124181781567984,2026-08-06T02:54:52.065883+00:00
HT1126,Silodosin,Ambiguous-DILI-concern,0.5908705168279881,2026-08-06T02:54:52.065883+00:00
HT1128,Simvastatin,vLess-DILI-concern,0.64040750373059,2026-08-06T02:54:52.065883+00:00
HT1129,Sincalide,vNo-DILI-concern,0.5728401338486774,2026-08-06T02:54:52.065883+00:00
HT1130,Siponimod,Ambiguous-DILI-concern,0.649783391589085,2026-08-06T02:54:52.065883+00:00
HT1131,Sirolimus,vLess-DILI-concern,0.6075240129357532,2026-08-06T02:54:52.065883+00:00
HT1132,Sitagliptin phosphate,vLess-DILI-concern,0.6388190367450733,2026-08-06T02:54:52.065883+00:00
HT1133,Sitaxsentan,vMost-DILI-concern,0.7248657972175961,2026-08-06T02:54:52.065883+00:00
HT1134,Sodium bicarbonate,vNo-DILI-concern,0.5913961737289977,2026-08-06T02:54:52.065883+00:00
HT1135,Sodium fluoride f-18,vNo-DILI-concern,0.5646409340431289,2026-08-06T02:54:52.065883+00:00
HT1136,Sodium lactate,vNo-DILI-concern,0.5545489687331402,2026-08-06T02:54:52.065883+00:00
HT1137,Sodium nitroprusside,vNo-DILI-concern,0.5422289084329371,2026-08-06T02:54:52.065883+00:00
HT1138,Sodium oxybate,vNo-DILI-concern,0.5426320789327042,2026-08-06T02:54:52.065883+00:00
HT1139,Sodium phenylbutyrate,Ambiguous-DILI-concern,0.6055193962155678,2026-08-06T02:54:52.065883+00:00
HT1141,Sodium thiosulfate,vNo-DILI-concern,0.5661242035728277,2026-08-06T02:54:52.065883+00:00
HT1142,Sodium zirconium cyclosilicate,vNo-DILI-concern,0.5559081611749824,2026-08-06T02:54:52.065883+00:00
HT1143,Sofosbuvir,vNo-DILI-concern,0.598663091120248,2026-08-06T02:54:52.065883+00:00
HT1144,Solifenacin succinate,vLess-DILI-concern,0.6327527182033704,2026-08-06T02:54:52.065883+00:00
HT1145,Solriamfetol hydrochloride,vNo-DILI-concern,0.5920259770411752,2026-08-06T02:54:52.065883+00:00
HT1147,Sonidegib phosphate,Ambiguous-DILI-concern,0.6911163620604936,2026-08-06T02:54:52.065883+00:00
HT1148,Sorafenib tosylate,vMost-DILI-concern,0.6963614088812367,2026-08-06T02:54:52.065883+00:00
HT1149,Sorbitol,vNo-DILI-concern,0.5299395478821668,2026-08-06T02:54:52.065883+00:00
HT1150,Sotalol hydrochloride,Ambiguous-DILI-concern,0.6018114991416554,2026-08-06T02:54:52.065883+00:00
HT1151,Sotorasib,Ambiguous-DILI-concern,0.6999881540779107,2026-08-06T02:54:52.065883+00:00
HT1152,Spectinomycin hydrochloride,Ambiguous-DILI-concern,0.584285309461296,2026-08-06T02:54:52.065883+00:00
HT1153,Spironolactone,vLess-DILI-concern,0.6503228749830506,2026-08-06T02:54:52.065883+00:00
HT1154,Stavudine,vMost-DILI-concern,0.6135204457712107,2026-08-06T02:54:52.065883+00:00
HT1155,Sterile water,vNo-DILI-concern,0.5422289084329371,2026-08-06T02:54:52.065883+00:00
HT1156,Stiripentol,vNo-DILI-concern,0.6235003018592107,2026-08-06T02:54:52.065883+00:00
HT1157,Streptomycin sulfate,vNo-DILI-concern,0.5419316462303148,2026-08-06T02:54:52.065883+00:00
HT1158,Streptozocin,Ambiguous-DILI-concern,0.5732674074399939,2026-08-06T02:54:52.065883+00:00
HT1159,Succimer,vLess-DILI-concern,0.5682093735844332,2026-08-06T02:54:52.065883+00:00
HT1160,Succinylcholine chloride,vNo-DILI-concern,0.5407514031665069,2026-08-06T02:54:52.065883+00:00
HT1161,Sucralfate,vNo-DILI-concern,0.5495559224005051,2026-08-06T02:54:52.065883+00:00
HT1162,Sufentanil citrate,vNo-DILI-concern,0.6094243953115193,2026-08-06T02:54:52.065883+00:00
HT1163,Sugammadex sodium,vNo-DILI-concern,0.5449605432673122,2026-08-06T02:54:52.065883+00:00
HT1164,suloctidil,vMost-DILI-concern,0.5756094453069523,2026-08-06T02:54:52.065883+00:00
HT1165,Sulfacarbamide,vMost-DILI-concern,0.7042485172745726,2026-08-06T02:54:52.065883+00:00
HT1166,Sulfadiazine,vLess-DILI-concern,0.7159635726930763,2026-08-06T02:54:52.065883+00:00
HT1167,Sulfamethizole,vLess-DILI-concern,0.7229395193729116,2026-08-06T02:54:52.065883+00:00
HT1168,Sulfasalazine,vMost-DILI-concern,0.7189756963677563,2026-08-06T02:54:52.065883+00:00
HT1169,Sulfathiazole,vMost-DILI-concern,0.7201216533780367,2026-08-06T02:54:52.065883+00:00
HT1170,Sulindac,vMost-DILI-concern,0.7019670531691051,2026-08-06T02:54:52.065883+00:00
HT1171,Sumatriptan succinate,Ambiguous-DILI-concern,0.6487536751271706,2026-08-06T02:54:52.065883+00:00
HT1206,Testosterone enanthate,vMost-DILI-concern,0.6281823520385392,2026-08-06T02:54:52.065883+00:00
HT1172,Sunitinib malate,vMost-DILI-concern,0.6715116097626582,2026-08-06T02:54:52.065883+00:00
HT1173,Suvorexant,vNo-DILI-concern,0.6994074365266858,2026-08-06T02:54:52.065883+00:00
HT1174,Tacrolimus,vLess-DILI-concern,0.6407199794068723,2026-08-06T02:54:52.065883+00:00
HT1175,Tadalafil,vLess-DILI-concern,0.6791208330473559,2026-08-06T02:54:52.065883+00:00
HT1176,Tafamidis meglumine,vNo-DILI-concern,0.5280220833746069,2026-08-06T02:54:52.065883+00:00
HT1177,Tafenoquine succinate,Ambiguous-DILI-concern,0.6500742952801304,2026-08-06T02:54:52.065883+00:00
HT1178,Talazoparib tosylate,Ambiguous-DILI-concern,0.697617587619258,2026-08-06T02:54:52.065883+00:00
HT1179,Tamoxifen citrate,vMost-DILI-concern,0.6628547827383995,2026-08-06T02:54:52.065883+00:00
HT1180,Tamsulosin hydrochloride,vLess-DILI-concern,0.6768237679843127,2026-08-06T02:54:52.065883+00:00
HT1181,Tapentadol hydrochloride,vNo-DILI-concern,0.5709843042833183,2026-08-06T02:54:52.065883+00:00
HT1182,Tasimelteon,Ambiguous-DILI-concern,0.5974471991526153,2026-08-06T02:54:52.065883+00:00
HT1183,Tasosartan,vMost-DILI-concern,0.7205882568384464,2026-08-06T02:54:52.065883+00:00
HT1184,Tazemetostat hydrobromide,Ambiguous-DILI-concern,0.6571541007924234,2026-08-06T02:54:52.065883+00:00
HT1186,Tecovirimat,vNo-DILI-concern,0.6702817315326024,2026-08-06T02:54:52.065883+00:00
HT1187,Tedizolid phosphate,Ambiguous-DILI-concern,0.6733874560630021,2026-08-06T02:54:52.065883+00:00
HT1188,Tegaserod maleate,Ambiguous-DILI-concern,0.6562102109059024,2026-08-06T02:54:52.065883+00:00
HT1189,Telbivudine,Ambiguous-DILI-concern,0.5813835622474274,2026-08-06T02:54:52.065883+00:00
HT1190,Telithromycin,vMost-DILI-concern,0.6682223326265991,2026-08-06T02:54:52.065883+00:00
HT1191,Telmisartan,vLess-DILI-concern,0.7068263717632955,2026-08-06T02:54:52.065883+00:00
HT1192,Telotristat etiprate,Ambiguous-DILI-concern,0.696807553703434,2026-08-06T02:54:52.065883+00:00
HT1193,Temazepam,Ambiguous-DILI-concern,0.7018050918037979,2026-08-06T02:54:52.065883+00:00
HT1194,Temozolomide,vLess-DILI-concern,0.6894463888532812,2026-08-06T02:54:52.065883+00:00
HT1195,Temsirolimus,vNo-DILI-concern,0.5909710392053793,2026-08-06T02:54:52.065883+00:00
HT1196,Tenapanor hydrochloride,vNo-DILI-concern,0.6828518315072238,2026-08-06T02:54:52.065883+00:00
HT1198,Teniposide,vLess-DILI-concern,0.6955621772040085,2026-08-06T02:54:52.065883+00:00
HT1199,Tenofovir disoproxil fumarate,vLess-DILI-concern,0.5873481975826543,2026-08-06T02:54:52.065883+00:00
HT1200,Tepotinib hydrochloride,Ambiguous-DILI-concern,0.6447133912339469,2026-08-06T02:54:52.065883+00:00
HT1201,Terazosin hydrochloride,vNo-DILI-concern,0.6443343449487423,2026-08-06T02:54:52.065883+00:00
HT1202,Terbinafine hydrochloride,vMost-DILI-concern,0.6439856323499419,2026-08-06T02:54:52.065883+00:00
HT1203,Terbutaline sulfate,vLess-DILI-concern,0.5617395651395215,2026-08-06T02:54:52.065883+00:00
HT1204,Teriflunomide,vMost-DILI-concern,0.6561016698800698,2026-08-06T02:54:52.065883+00:00
HT1205,Teriparatide acetate,vLess-DILI-concern,0.5329655595861459,2026-08-06T02:54:52.065883+00:00
HT1207,Tetrabamate,vMost-DILI-concern,0.6116077427324929,2026-08-06T02:54:52.065883+00:00
HT1208,Tetrabenazine,Ambiguous-DILI-concern,0.5745470382968406,2026-08-06T02:54:52.065883+00:00
HT1209,Tetracycline phosphate complex,vLess-DILI-concern,0.6665012457042429,2026-08-06T02:54:52.065883+00:00
HT1210,Thalidomide,vLess-DILI-concern,0.6666886493584423,2026-08-06T02:54:52.065883+00:00
HT1211,Theophylline sodium glycinate,vNo-DILI-concern,0.6634299704747786,2026-08-06T02:54:52.065883+00:00
HT1212,Thiabendazole,vMost-DILI-concern,0.6974587196613872,2026-08-06T02:54:52.065883+00:00
HT1213,Thiamine hydrochloride,vNo-DILI-concern,0.6154087542883526,2026-08-06T02:54:52.065883+00:00
HT1214,Thioguanine,vLess-DILI-concern,0.6937002384245063,2026-08-06T02:54:52.065883+00:00
HT1215,Thioridazine hydrochloride,vLess-DILI-concern,0.6548023390994306,2026-08-06T02:54:52.065883+00:00
HT1216,Thiotepa,vLess-DILI-concern,0.5733860453720699,2026-08-06T02:54:52.065883+00:00
HT1217,Thiothixene,Ambiguous-DILI-concern,0.6975879061475755,2026-08-06T02:54:52.065883+00:00
HT1219,Tiagabine hydrochloride,Ambiguous-DILI-concern,0.644804393574949,2026-08-06T02:54:52.065883+00:00
HT1220,Ticagrelor,vNo-DILI-concern,0.6341086845902516,2026-08-06T02:54:52.065883+00:00
HT1221,Ticlopidine hydrochloride,vMost-DILI-concern,0.677926123386283,2026-08-06T02:54:52.065883+00:00
HT1222,Ticrynafen,vMost-DILI-concern,0.6660664800268956,2026-08-06T02:54:52.065883+00:00
HT1223,Tigecycline,vMost-DILI-concern,0.6581736967261463,2026-08-06T02:54:52.065883+00:00
HT1224,Tilbroquinol,vMost-DILI-concern,0.6871731474780614,2026-08-06T02:54:52.065883+00:00
HT1225,Tiludronate disodium,vNo-DILI-concern,0.6296304553211713,2026-08-06T02:54:52.065883+00:00
HT1226,Timolol maleate,Ambiguous-DILI-concern,0.5910596661120102,2026-08-06T02:54:52.065883+00:00
HT1227,Tinidazole,vLess-DILI-concern,0.6491444587899302,2026-08-06T02:54:52.065883+00:00
HT1229,Tiopronin,Ambiguous-DILI-concern,0.561107081129952,2026-08-06T02:54:52.065883+00:00
HT1230,Tipranavir,vMost-DILI-concern,0.715449877669789,2026-08-06T02:54:52.065883+00:00
HT1231,Tirofiban hydrochloride,vNo-DILI-concern,0.5826817441404056,2026-08-06T02:54:52.065883+00:00
HT1232,Tivozanib hydrochloride,Ambiguous-DILI-concern,0.7217312797201965,2026-08-06T02:54:52.065883+00:00
HT1233,Tizanidine hydrochloride,vMost-DILI-concern,0.7023653172367528,2026-08-06T02:54:52.065883+00:00
HT1234,Tofacitinib citrate,Ambiguous-DILI-concern,0.6351179050374719,2026-08-06T02:54:52.065883+00:00
HT1235,Tolazamide,vLess-DILI-concern,0.6882032631042223,2026-08-06T02:54:52.065883+00:00
HT1236,Tolbutamide,Ambiguous-DILI-concern,0.6908798626566306,2026-08-06T02:54:52.065883+00:00
HT1237,Tolcapone,vMost-DILI-concern,0.6884561105688143,2026-08-06T02:54:52.065883+00:00
HT1238,Tolmetin sodium,vLess-DILI-concern,0.656439173890386,2026-08-06T02:54:52.065883+00:00
HT1239,Tolrestat,vMost-DILI-concern,0.6691248631306173,2026-08-06T02:54:52.065883+00:00
HT1240,Tolterodine tartrate,vLess-DILI-concern,0.6000670021728571,2026-08-06T02:54:52.065883+00:00
HT1241,Tolvaptan,vMost-DILI-concern,0.7059991598616716,2026-08-06T02:54:52.065883+00:00
HT1242,Topiramate,vLess-DILI-concern,0.5871859762193001,2026-08-06T02:54:52.065883+00:00
HT1243,Topotecan hydrochloride,vNo-DILI-concern,0.6300681844235049,2026-08-06T02:54:52.065883+00:00
HT1244,Toremifene citrate,Ambiguous-DILI-concern,0.6523003826236601,2026-08-06T02:54:52.065883+00:00
HT1245,Torsemide,Ambiguous-DILI-concern,0.7086476868635357,2026-08-06T02:54:52.065883+00:00
HT1246,Trabectedin,Ambiguous-DILI-concern,0.6433685436991061,2026-08-06T02:54:52.065883+00:00
HT1247,Tramadol hydrochloride,vLess-DILI-concern,0.6162631331640042,2026-08-06T02:54:52.065883+00:00
HT1248,Trametinib dimethyl sulfoxide,vLess-DILI-concern,0.7027725664893413,2026-08-06T02:54:52.065883+00:00
HT1249,Trandolapril,vLess-DILI-concern,0.6219370180191328,2026-08-06T02:54:52.065883+00:00
HT1250,Tranexamic acid,vNo-DILI-concern,0.5486679355183618,2026-08-06T02:54:52.065883+00:00
HT1251,Tranylcypromine sulfate,vLess-DILI-concern,0.6418046474842867,2026-08-06T02:54:52.065883+00:00
HT1253,Trazodone hydrochloride,vLess-DILI-concern,0.6791386209165939,2026-08-06T02:54:52.065883+00:00
HT1254,Tretinoin,vLess-DILI-concern,0.6480652564963114,2026-08-06T02:54:52.065883+00:00
HT1255,Triacetyldiphenolisatin,vMost-DILI-concern,0.7010961224644915,2026-08-06T02:54:52.065883+00:00
HT1256,Triamterene,vLess-DILI-concern,0.6988979215592747,2026-08-06T02:54:52.065883+00:00
HT1257,Triazolam,Ambiguous-DILI-concern,0.7153836195392107,2026-08-06T02:54:52.065883+00:00
HT1258,Triclabendazole,Ambiguous-DILI-concern,0.700863656614855,2026-08-06T02:54:52.065883+00:00
HT1259,Trientine hydrochloride,vNo-DILI-concern,0.5364760907995677,2026-08-06T02:54:52.065883+00:00
HT1260,Trifluoperazine hydrochloride,vLess-DILI-concern,0.6518912837634497,2026-08-06T02:54:52.065883+00:00
HT1261,Triheptanoin,vNo-DILI-concern,0.5466144452545109,2026-08-06T02:54:52.065883+00:00
HT1262,Trihexyphenidyl hydrochloride,vNo-DILI-concern,0.5509789080539763,2026-08-06T02:54:52.065883+00:00
HT1263,Trilaciclib dihydrochloride,Ambiguous-DILI-concern,0.6887141802158381,2026-08-06T02:54:52.065883+00:00
HT1264,Trimethadione,Ambiguous-DILI-concern,0.628647696155021,2026-08-06T02:54:52.065883+00:00
HT1265,Trimethobenzamide hydrochloride,Ambiguous-DILI-concern,0.6349140062192165,2026-08-06T02:54:52.065883+00:00
HT1266,Trimethoprim,vLess-DILI-concern,0.6624643448080197,2026-08-06T02:54:52.065883+00:00
HT1267,Trimetrexate glucuronate,Ambiguous-DILI-concern,0.6826781673224164,2026-08-06T02:54:52.065883+00:00
HT1268,Trimipramine maleate,Ambiguous-DILI-concern,0.6478168803758346,2026-08-06T02:54:52.065883+00:00
HT1269,Triprolidine hydrochloride,vNo-DILI-concern,0.6594853284623164,2026-08-06T02:54:52.065883+00:00
HT1270,Triptorelin pamoate,vLess-DILI-concern,0.5370144816937977,2026-08-06T02:54:52.065883+00:00
HT1271,Troglitazone,vMost-DILI-concern,0.6629386877047301,2026-08-06T02:54:52.065883+00:00
HT1272,Tromethamine,Ambiguous-DILI-concern,0.5319453587153296,2026-08-06T02:54:52.065883+00:00
HT1283,Urofollitropin,vNo-DILI-concern,0.5336092437668953,2026-08-06T02:54:52.065883+00:00
HT1273,Trospium chloride,vNo-DILI-concern,0.579862420650273,2026-08-06T02:54:52.065883+00:00
HT1274,Trovafloxacin mesylate,vMost-DILI-concern,0.6972764155826822,2026-08-06T02:54:52.065883+00:00
HT1275,Tucatinib,Ambiguous-DILI-concern,0.7164746896643118,2026-08-06T02:54:52.065883+00:00
HT1276,Tyramine,vNo-DILI-concern,0.594294247577825,2026-08-06T02:54:52.065883+00:00
HT1277,Ubrogepant,vNo-DILI-concern,0.6713838972237856,2026-08-06T02:54:52.065883+00:00
HT1278,Ulipristal acetate,vLess-DILI-concern,0.680762293110335,2026-08-06T02:54:52.065883+00:00
HT1279,Umbralisib tosylate,Ambiguous-DILI-concern,0.7074917828910462,2026-08-06T02:54:52.065883+00:00
HT1280,Umeclidinium bromide,vNo-DILI-concern,0.5741343627533743,2026-08-06T02:54:52.065883+00:00
HT1281,Upadacitinib,Ambiguous-DILI-concern,0.6284952968501321,2026-08-06T02:54:52.065883+00:00
HT1282,Uridine triacetate,vNo-DILI-concern,0.6045093574504822,2026-08-06T02:54:52.065883+00:00
HT1285,Ursodiol,Ambiguous-DILI-concern,0.5495603315246996,2026-08-06T02:54:52.065883+00:00
HT1287,Valaciclovir,vLess-DILI-concern,0.6200083310708531,2026-08-06T02:54:52.065883+00:00
HT1288,Valbenazine tosylate,Ambiguous-DILI-concern,0.5690621771326206,2026-08-06T02:54:52.065883+00:00
HT1289,Valdecoxib,vLess-DILI-concern,0.7195005693375175,2026-08-06T02:54:52.065883+00:00
HT1290,Valganciclovir hydrochloride,Ambiguous-DILI-concern,0.5818897010818179,2026-08-06T02:54:52.065883+00:00
HT1291,Valproic acid,vMost-DILI-concern,0.5554241737120494,2026-08-06T02:54:52.065883+00:00
HT1292,Valsartan,vLess-DILI-concern,0.6776939903090513,2026-08-06T02:54:52.065883+00:00
HT1293,Vancomycin hydrochloride,vLess-DILI-concern,0.6111340839265897,2026-08-06T02:54:52.065883+00:00
HT1294,Vandetanib,Ambiguous-DILI-concern,0.6735254555430594,2026-08-06T02:54:52.065883+00:00
HT1295,Vardenafil hydrochloride,Ambiguous-DILI-concern,0.7136787953713261,2026-08-06T02:54:52.065883+00:00
HT1296,Varenicline tartrate,vLess-DILI-concern,0.6445161596760307,2026-08-06T02:54:52.065883+00:00
HT1297,Vecuronium bromide,vNo-DILI-concern,0.5401208527057573,2026-08-06T02:54:52.065883+00:00
HT1298,Vemurafenib,vLess-DILI-concern,0.7222528865142029,2026-08-06T02:54:52.065883+00:00
HT1299,Venetoclax,vLess-DILI-concern,0.7319551199236403,2026-08-06T02:54:52.065883+00:00
HT1300,Venlafaxine hydrochloride,vLess-DILI-concern,0.6066736482616303,2026-08-06T02:54:52.065883+00:00
HT1301,Verapamil hydrochloride,vLess-DILI-concern,0.6102252987585518,2026-08-06T02:54:52.065883+00:00
HT1302,Vericiguat,vNo-DILI-concern,0.7028271000672008,2026-08-06T02:54:52.065883+00:00
HT1303,Verteporfin,Ambiguous-DILI-concern,0.6588309431324076,2026-08-06T02:54:52.065883+00:00
HT1304,Vibegron,vNo-DILI-concern,0.5919770756932491,2026-08-06T02:54:52.065883+00:00
HT1305,Vigabatrin,Ambiguous-DILI-concern,0.5514541298413332,2026-08-06T02:54:52.065883+00:00
HT1306,Vilazodone hydrochloride,vNo-DILI-concern,0.62407148390791,2026-08-06T02:54:52.065883+00:00
HT1307,Viloxazine hydrochloride,vNo-DILI-concern,0.5915105622839938,2026-08-06T02:54:52.065883+00:00
HT1309,Vinblastine sulfate,vLess-DILI-concern,0.6451786455695048,2026-08-06T02:54:52.065883+00:00
HT1310,Vincristine sulfate,vLess-DILI-concern,0.6515944772955307,2026-08-06T02:54:52.065883+00:00
HT1311,Vinorelbine tartrate,Ambiguous-DILI-concern,0.6534682634169039,2026-08-06T02:54:52.065883+00:00
HT1328,Zanubrutinib,vMost-DILI-concern,0.6898702118969812,2026-08-06T02:54:52.065883+00:00
HT1312,Vismodegib,Ambiguous-DILI-concern,0.7181945847537728,2026-08-06T02:54:52.065883+00:00
HT1313,Vitamin A palmitate,vLess-DILI-concern,0.6264590929351138,2026-08-06T02:54:52.065883+00:00
HT1314,Vitamin C,vNo-DILI-concern,0.5622096935715435,2026-08-06T02:54:52.065883+00:00
HT1315,Vitamin E,vNo-DILI-concern,0.5686246952269297,2026-08-06T02:54:52.065883+00:00
HT1316,Voclosporin,vNo-DILI-concern,0.5736568326796816,2026-08-06T02:54:52.065883+00:00
HT1317,Vorapaxar sulfate,vNo-DILI-concern,0.670740724518452,2026-08-06T02:54:52.065883+00:00
HT1318,Voriconazole,vMost-DILI-concern,0.6544295015568493,2026-08-06T02:54:52.065883+00:00
HT1319,Vorinostat,vNo-DILI-concern,0.6014417662582701,2026-08-06T02:54:52.065883+00:00
HT1320,Vortioxetine hydrobromide,vLess-DILI-concern,0.677390986941853,2026-08-06T02:54:52.065883+00:00
HT1321,Vosoritide,vNo-DILI-concern,0.5131432911686504,2026-08-06T02:54:52.065883+00:00
HT1322,Voxelotor,vNo-DILI-concern,0.6459503616212027,2026-08-06T02:54:52.065883+00:00
HT1323,Warfarin sodium,vLess-DILI-concern,0.6649864070665266,2026-08-06T02:54:52.065883+00:00
HT1324,Xenazoic acid,vMost-DILI-concern,0.6589737080386786,2026-08-06T02:54:52.065883+00:00
HT1325,Ximelagatran,vMost-DILI-concern,0.6287354296010617,2026-08-06T02:54:52.065883+00:00
HT1326,Zafirlukast,vMost-DILI-concern,0.7183240345823664,2026-08-06T02:54:52.065883+00:00
HT1327,Zaleplon,vNo-DILI-concern,0.6717624195722242,2026-08-06T02:54:52.065883+00:00
HT1329,Zidovudine,vMost-DILI-concern,0.6063693340448981,2026-08-06T02:54:52.065883+00:00
HT1330,Zileuton,vMost-DILI-concern,0.6803095606682937,2026-08-06T02:54:52.065883+00:00
HT1331,Zimelidine,vMost-DILI-concern,0.6768756467383933,2026-08-06T02:54:52.065883+00:00
HT1332,Ziprasidone hydrochloride,vLess-DILI-concern,0.7104267310369599,2026-08-06T02:54:52.065883+00:00
HT1333,Zoledronic acid,vLess-DILI-concern,0.5612768305104991,2026-08-06T02:54:52.065883+00:00
HT1334,Zolmitriptan,Ambiguous-DILI-concern,0.6098119406589776,2026-08-06T02:54:52.065883+00:00
HT1335,Zolpidem tartrate,Ambiguous-DILI-concern,0.6910602610344017,2026-08-06T02:54:52.065883+00:00
HT1336,Zonisamide,vLess-DILI-concern,0.695691573852518,2026-08-06T02:54:52.065883+00:00
